candidate_id,display_name,profile_type,platform,canonical_url,username,city,description,topics,subscriber_count,audience_band,contactability,verification_status,source_url,discovery_source_url,secondary_source_url,evidence_summary,researched_at
429d6758a5bce8a26eec,Морские деликатесы,channel,telegram,https://t.me/mdkrdru,mdkrdru,Краснодар,☎️89183481507	⏰с 9 до 22	Новороссийск:	📍Пр-т Дзержинского 203	Краснодар 	📍Западный обход 41/1	📍Тургенева 155	📍Зиповская 39/6	📍Кр.партизан 149	📍Гаражная 128	📍Трудовой славы 1/1	📍В-Кругликовская 22/3	📍Карасунская 308 	📍5 дорожная 70/2	📍Разведчиков 15,Региональные,73188,micro,manual_only,original_profile_opened,https://t.me/mdkrdru,https://telemetr.me/catalog/region/krasnodar,https://telemetr.me/analytics/?name=1692650999,Telemetr отнёс канал к городскому тегу; оригинальный t.me-профиль открыт.,2026-08-25T14:14:55.401996+00:00
b97479e8bb1be527819a,Новости Краснодара и Края,channel,telegram,https://t.me/krasnodar_smi,krasnodar_smi,Краснодар,Главный телеграм-канал Краснодара и Краснодарского Края!		Пригласить друзей: https://t.me/+XinUhI4HMUoyN2M6		Поделиться новостью: @Andry_SMI		Купить рекламу: @ADV_SMI	Купить через биржу: https://telega.in/c/krasnodar_smi		https://clck.ru/3FTUEJ	18+,"Новости, Региональные",138510,mid,advertising_contact,original_profile_opened,https://t.me/krasnodar_smi,https://telemetr.me/catalog/region/krasnodar,https://telemetr.me/analytics/?name=1639863971,Telemetr отнёс канал к городскому тегу; оригинальный t.me-профиль открыт.,2026-08-25T14:14:52.042992+00:00
7068eb5b235b7592491e,Новости Краснодара и края |ЮГ-24,channel,telegram,https://t.me/yug_24_ru,yug_24_ru,Краснодар,"📢 Краснодар и Краснодарский край, освещаем все происходящее в круглосуточном режиме		→ Только реклама @anton_palchikov	→ Предложить новость @yug_24_bot	→ Купить рекламу: https://telega.in/c/yug_24_ru","Новости, Региональные",143160,mid,advertising_contact,original_profile_opened,https://t.me/yug_24_ru,https://telemetr.me/catalog/region/krasnodar,https://telemetr.me/analytics/?name=1515992485,Telemetr отнёс канал к городскому тегу; оригинальный t.me-профиль открыт.,2026-08-25T14:14:49.984908+00:00
88442629e0c491a809bf,AUGUST WALZ - женская одежда мода,channel,telegram,https://t.me/augustwalz,augustwalz,Санкт-Петербург,"Наш сайт: augustwalz.ru	Менеджер: @augustwalzspb		ВК https://vk.com/augustwalz 		МЫ В MAX - https://max.ru/id600300473572_biz		👗ТЦ Владимирский Пассаж. СПБ, Владимирский проспект 19 , первый этаж , центральная галерея !	Ежедневно с 11.00 до 21.00","Магазины, Красота и мода, Региональные",20647,micro,manual_only,original_profile_opened,https://t.me/augustwalz,https://telemetr.me/catalog/region/spb,https://telemetr.me/analytics/?name=1314740110,Telemetr отнёс канал к городскому тегу; оригинальный t.me-профиль открыт.,2026-08-25T14:14:48.256407+00:00
dd597c0735f2581e597d,BAKERBRANDS,channel,telegram,https://t.me/bakerbrands,bakerbrands,Санкт-Петербург,"Brands&Vintage Stuff🛒		▫️Всё наличие: @bakerbrandsnl	▫️Гарантии и отзывы : @bakerbrandsrw	▫️Канал админа: @truebaker	▫️Санкт-Петербург 	▫️(Ⓜ️Чернышевская/📍Фурштатская,8)	▫️Доставка по РФ🇷🇺/РБ🇧🇾и СНГ 		По всем вопросам: @bakerbrandss",Магазины,30748,micro,manual_only,original_profile_opened,https://t.me/bakerbrands,https://telemetr.me/catalog/region/spb,https://telemetr.me/analytics/?name=1784606285,Telemetr отнёс канал к городскому тегу; оригинальный t.me-профиль открыт.,2026-08-25T14:14:30.090968+00:00
84b37348a77a73e2c33f,Fjordcloth,channel,telegram,https://t.me/fjordcloth,fjordcloth,Санкт-Петербург,"Для заказа и по всем вопросам @fjordcloth_direct		Вк: @fjordcloth		Адрес: г.Санкт-Петербург, ул.Чехова д.8	Работам с 12:00 до 21:00 	каждый день",Магазины,17960,micro,manual_only,original_profile_opened,https://t.me/fjordcloth,https://telemetr.me/catalog/region/spb,https://telemetr.me/analytics/?name=1292110225,Telemetr отнёс канал к городскому тегу; оригинальный t.me-профиль открыт.,2026-08-25T14:14:34.456140+00:00
adf1ee85a70d4ad5f374,GradSPb | Санкт-Петербург,channel,telegram,https://t.me/gradspb,gradspb,Санкт-Петербург,• Про Санкт-Петербург	• Места и события СПб	• Интересные факты		• Новости Питера в нашем @todayspb			• По рекламе: @dnsxp		• РКН: https://clck.ru/3FJYwP,"Путешествия, Новости, Региональные",46652,micro,advertising_contact,original_profile_opened,https://t.me/gradspb,https://telemetr.me/catalog/region/spb,https://telemetr.me/analytics/?name=1523076309,Telemetr отнёс канал к городскому тегу; оригинальный t.me-профиль открыт.,2026-08-25T14:14:26.975352+00:00
36cd8ab4b2936a3b1181,MANIOLINI,channel,telegram,https://t.me/maniolinishop,maniolinishop,Санкт-Петербург,"Дом обуви, вдохновленный тобой❤️		Коллекция SS’26 уже в наличии		#3T5NW		Оформить заказ: 	https://maniolini.tilda.ws/		По телефону: +79117945474","Магазины, Региональные",41943,micro,manual_only,original_profile_opened,https://t.me/maniolinishop,https://telemetr.me/catalog/region/spb,https://telemetr.me/analytics/?name=1399550826,Telemetr отнёс канал к городскому тегу; оригинальный t.me-профиль открыт.,2026-08-25T14:14:26.923159+00:00
02957540cfb81c4fdd28,Night2Day Санкт-Петербург,channel,telegram,https://t.me/night2day_spb,night2day_spb,Санкт-Петербург,"Здесь новые места, культурные события и ответ на главный вопрос: куда сходить в Петербурге? 		Старший брат @poh_plyashem 		По рекламе и фото: @VaasTheSlain","Путешествия, Кулинария, Афиша",32919,micro,advertising_contact,original_profile_opened,https://t.me/night2day_spb,https://telemetr.me/catalog/region/spb,https://telemetr.me/analytics/?name=1280115739,Telemetr отнёс канал к городскому тегу; оригинальный t.me-профиль открыт.,2026-08-25T14:14:41.099084+00:00
e36faaf6f90815828edf,Petshop Days — фестиваль для питомцев,channel,telegram,https://t.me/petshopdays,petshopdays,Санкт-Петербург,Бесплатный фестиваль владельцев и любителей домашних животных от команды @petshopru 🩵,"Животные, Афиша, Фильмы и сериалы",10722,micro,manual_only,original_profile_opened,https://t.me/petshopdays,https://telemetr.me/catalog/region/spb,https://telemetr.me/analytics/?name=1312024503,Telemetr отнёс канал к городскому тегу; оригинальный t.me-профиль открыт.,2026-08-25T14:14:48.801641+00:00
370398794c168cfc7d92,two-ta | между Петербургом и тобой,channel,telegram,https://t.me/twotaofficial,twotaofficial,Санкт-Петербург,Бренд и производство кожаных сумок и аксессуаров📍Санкт-Петербург		Наш сайт: https://clck.ru/3TRnq2		Задать вопросы: @twota_bags,"Магазины, Региональные",13599,micro,manual_only,original_profile_opened,https://t.me/twotaofficial,https://telemetr.me/catalog/region/spb,https://telemetr.me/analytics/?name=1538185634,Telemetr отнёс канал к городскому тегу; оригинальный t.me-профиль открыт.,2026-08-25T14:14:41.786435+00:00
91471b13665c96c7d984,Änta’s / PRO.Änta’s 🙋‍♀️🌿 Растения 🌱 Уход 🙌🏼 Вдохновение 🦕,channel,telegram,https://t.me/proantas,proantas,Санкт-Петербург,"▫️Санкт-Петербург, Боровая 116	▫️Тропическое пространство PRO.Änta’s Шоу рум - Äранжерея 🌱	Растения, Динозавры, Керамика	И всё такое 🌿✨🦕		Вопросы сюда: @proantas_admin	тел. +7 (995) 594-77-96		Подкаст: https://zelenogo-vremeni-sut.mave.digital		6338148508","Маркетинг и реклама, Рукоделие, Искусство",11374,micro,manual_only,original_profile_opened,https://t.me/proantas,https://telemetr.me/catalog/region/spb,https://telemetr.me/analytics/?name=1236434368,Telemetr отнёс канал к городскому тегу; оригинальный t.me-профиль открыт.,2026-08-25T14:14:42.466371+00:00
395225c801e3ee83b42d,АннаЛогия,channel,telegram,https://t.me/ch_annalogy,ch_annalogy,Санкт-Петербург,📍Санкт-Петербург		✨ По вопросам сотрудничества: @Ave_Anne	✨ YouTube канал: https://youtube.com/@ch_annalogy	✨ TikTok: https://www.tiktok.com/@annalogychanel,Региональные,13391,micro,advertising_contact,original_profile_opened,https://t.me/ch_annalogy,https://telemetr.me/catalog/region/spb,https://telemetr.me/analytics/?name=2016941316,Telemetr отнёс канал к городскому тегу; оригинальный t.me-профиль открыт.,2026-08-25T14:14:41.757761+00:00
80d411c49fb3a7d7c75a,Аскона-Дисконт(Санкт-Петербург),channel,telegram,https://t.me/vekdiscountspb,vekdiscountspb,Санкт-Петербург,"Единственный в Санкт-Петербурге Дисконт-центр ""Askona""	Мы находимся по адресу СПБ. Дунайский пр., д 27 к1 ТРК ""Дунай""(2 Этаж)	Режим работы ежедневно с 10.00 до 22.00 	Тел.для связи +79036470002;+79036470004",Региональные,17904,micro,manual_only,original_profile_opened,https://t.me/vekdiscountspb,https://telemetr.me/catalog/region/spb,https://telemetr.me/analytics/?name=2144954143,Telemetr отнёс канал к городскому тегу; оригинальный t.me-профиль открыт.,2026-08-25T14:14:34.393036+00:00
cfc3d1ac62208e8006d3,Банк «Санкт-Петербург»,channel,telegram,https://t.me/mybspb,mybspb,Санкт-Петербург,Ответственность. Внимание. Будущее.	  	Официальный канал Банка «Санкт-Петербург» 		Регистрация в перечне РКН: https://knd.gov.ru/license?id=675bf083e9320a200a93bb88&registryType=bloggersPermission,"Бизнес и финансы, Региональные",19007,micro,manual_only,original_profile_opened,https://t.me/mybspb,https://telemetr.me/catalog/region/spb,https://telemetr.me/analytics/?name=1381395548,Telemetr отнёс канал к городскому тегу; оригинальный t.me-профиль открыт.,2026-08-25T14:14:34.383751+00:00
a3fceb020ad630da3387,Бесплатный Питер | Санкт-Петербург,channel,telegram,https://t.me/piter_free78,piter_free78,Санкт-Петербург,🎉 Все бесплатные мероприятия и развлечения города		Подписывайся и развлекайся бесплатно! 		Обратная связь - @dima_pr78	Купить рекламу: https://telega.in/channels/+DcNoO4S9oqU4MWUy/card		РКН https://vk.cc/cJCAot		#U9PH4,"Афиша, Халява, скидки, акции, Региональные",19907,micro,advertising_contact,original_profile_opened,https://t.me/piter_free78,https://telemetr.me/catalog/region/spb,https://telemetr.me/analytics/?name=1601562968,Telemetr отнёс канал к городскому тегу; оригинальный t.me-профиль открыт.,2026-08-25T14:14:34.482738+00:00
00f774ab41ec634e90e9,Ботанический сад Петра Великого. Санкт-Петербург,channel,telegram,https://t.me/botsad_spb_official,botsad_spb_official,Санкт-Петербург,Официальный канал Ботанического сада Петра Великого. Санкт-Петербург. 	Наш сайт и электронные билеты: https://botsad-spb.com/ru/posetitelyam/elektronnye-bilety	Мы в ВК: https://vk.com/botsad_spb		Номер заявления для регистрации в Роскомнадзоре №5165600516,"Путешествия, Сад и огород, Афиша",15031,micro,manual_only,original_profile_opened,https://t.me/botsad_spb_official,https://telemetr.me/catalog/region/spb,https://telemetr.me/analytics/?name=1712587169,Telemetr отнёс канал к городскому тегу; оригинальный t.me-профиль открыт.,2026-08-25T14:14:37.903664+00:00
47ebfee5ead2009dc979,бьютисóфия,channel,telegram,https://t.me/beautysophia,beautysophia,Санкт-Петербург,"Виктория Ходякова, 39 лет, анти-эйдж профилактика для тела и светский гедонизм для души		@beautysophiapr		📍Питер	MAX: https://max.ru/beautysophia	регистрация https://clk.li/eAfM","Бизнес и финансы, Медицина и здоровье, Красота и мода",19399,micro,manual_only,original_profile_opened,https://t.me/beautysophia,https://telemetr.me/catalog/region/spb,https://telemetr.me/analytics/?name=1542154404,Telemetr отнёс канал к городскому тегу; оригинальный t.me-профиль открыт.,2026-08-25T14:14:35.464727+00:00
614ec5f6e944025c4afd,Вера в курсе,channel,telegram,https://t.me/verochkavkurse,verochkavkurse,Санкт-Петербург,"личный блог. пишу о звездах, о себе и даже о тебе. для связи - @sprosivery		🇷🇺Санкт-Петербург | Майкоп 		MAX: https://max.ru/verochkavkurse		РКН: https://golnk.ru/RaqeW		от лица канала может писать @ladyiks","Религия, Региональные",39943,micro,manual_only,original_profile_opened,https://t.me/verochkavkurse,https://telemetr.me/catalog/region/spb,https://telemetr.me/analytics/?name=2111276132,Telemetr отнёс канал к городскому тегу; оригинальный t.me-профиль открыт.,2026-08-25T14:14:26.695894+00:00
7817be6b30756408eb9b,Вечерний Санкт-Петербург,channel,telegram,https://t.me/ta_samaya_vecherka,ta_samaya_vecherka,Санкт-Петербург,Одна из старейших газет Петербурга в новом прочтении.		Связь: https://vk.me/ta_samaya_vecherka	Дзен: https://dzen.ru/ve4erka		Заявление в РКН № 7821506828	Включена в перечень персональных страниц https://gosuslugi.ru/snet/68ecfe7813ba5925b349bb3a,"Региональные, Организации",11948,micro,manual_only,original_profile_opened,https://t.me/ta_samaya_vecherka,https://telemetr.me/catalog/region/spb,https://telemetr.me/analytics/?name=1673237187,Telemetr отнёс канал к городскому тегу; оригинальный t.me-профиль открыт.,2026-08-25T14:14:56.075784+00:00
0bd3e3396e62c9f946dc,ВК «Зенит» (Санкт-Петербург),channel,telegram,https://t.me/vczenitspb,vczenitspb,Санкт-Петербург,"Официальный канал клуба, сайт: https://vczenit.ru/		Генеральный спонсор - ПАО «Газпром»	Erid: 2W5zFJHmmwN","Спорт, Региональные, Организации",14877,micro,manual_only,original_profile_opened,https://t.me/vczenitspb,https://telemetr.me/catalog/region/spb,https://telemetr.me/analytics/?name=1400430741,Telemetr отнёс канал к городскому тегу; оригинальный t.me-профиль открыт.,2026-08-25T14:14:41.717447+00:00
9a1388600d023bb2e873,ВКА имени А.Ф.Можайского,channel,telegram,https://t.me/vka_spb,vka_spb,Санкт-Петербург,"Информационный канал 	ВКА имени А.Ф.Можайского		Сайты- vka.mil.ru, vka.spb.ru	MAX - max.ru/vka_spb	ВКонтакте - vk.com/vka_spb	Форум - forum.vka.spb.ru		Проголосовать - https://t.me/vka_spb?boost		Реестр РКН: https://clck.ru/3PVe6M		г. Санкт-Петербург","Военное, Региональные",11876,micro,manual_only,original_profile_opened,https://t.me/vka_spb,https://telemetr.me/catalog/region/spb,https://telemetr.me/analytics/?name=1225979990,Telemetr отнёс канал к городскому тегу; оригинальный t.me-профиль открыт.,2026-08-25T14:14:42.060661+00:00
51090d7b91412f111c42,ГЛАВНОЕ / Санкт-Петербург,channel,telegram,https://t.me/topspb_tv,topspb_tv,Санкт-Петербург,"Присылайте новости нашему боту @spb_glavnoe_bot		Новости, явления, события, герои Петербурга. Телеканал «Санкт-Петербург» / tvspb.ru		УВЕДОМЛЕНИЕ РКН №014133 https://knd.gov.ru/license? 	id=673c97bf340096358bb65180&registryType=bloggersPermission","Новости, Региональные",25089,micro,manual_only,original_profile_opened,https://t.me/topspb_tv,https://telemetr.me/catalog/region/spb,https://telemetr.me/analytics/?name=1046750516,Telemetr отнёс канал к городскому тегу; оригинальный t.me-профиль открыт.,2026-08-25T14:14:34.285166+00:00
bdd1ff5f67c8b11334ae,Денис Сенников. Терапия личности,channel,telegram,https://t.me/denis_sennikovv,denis_sennikovv,Санкт-Петербург,"Психотерапевт (25 лет практики) и основатель Института психологии и психотерапии самосознания (Санкт-Петербург)		Блог для помощи  практикующим психологам. 		Заметки, статьи, подкасты, инструменты для работы.		N° 6937738057","Психология, Подкасты, Региональные",11046,micro,manual_only,original_profile_opened,https://t.me/denis_sennikovv,https://telemetr.me/catalog/region/spb,https://telemetr.me/analytics/?name=1795172044,Telemetr отнёс канал к городскому тегу; оригинальный t.me-профиль открыт.,2026-08-25T14:14:45.341755+00:00
2491edde46a6e81f85ab,Детская Афиша | Санкт-Петербург,channel,telegram,https://t.me/deti_spb,deti_spb,Санкт-Петербург,Куда сходить с детьми в Санкт-Петербурге. Афиша мероприятий для детей в Питере		админ - @siarhei22	https://telega.in/c/deti_spb		Регистрация в РКН - https://clck.ru/3LABvY,"Путешествия, Для родителей, Афиша",11214,micro,manual_only,original_profile_opened,https://t.me/deti_spb,https://telemetr.me/catalog/region/spb,https://telemetr.me/analytics/?name=1601785290,Telemetr отнёс канал к городскому тегу; оригинальный t.me-профиль открыт.,2026-08-25T14:14:57.870067+00:00
40f87db010ff1fae12ab,Дима Раймер,channel,telegram,https://t.me/dimaraymer,dimaraymer,Санкт-Петербург,"😌Добро пожаловать😌	📍Санкт-Петербург 		🧩Распаковки 	🧩Готовлю	🧩Моменты из жизни		Правила:	-Ссылки 🚫	-Оскорбления, спор 🚫	Поддерживаем приятную атмосферу, злым не рады🥹		Купить рекламу: https://telega.in/c/dimaraymer",Региональные,42002,micro,advertising_contact,original_profile_opened,https://t.me/dimaraymer,https://telemetr.me/catalog/region/spb,https://telemetr.me/analytics/?name=1571677204,Telemetr отнёс канал к городскому тегу; оригинальный t.me-профиль открыт.,2026-08-25T14:14:26.834867+00:00
d56e57a765280bbe0ad9,Дорожный Контроль СПБ | ЛО,channel,telegram,https://t.me/doroga_47,doroga_47,Санкт-Петербург,Оперативные события Санкт-Петербурга ЛО 24/7	ДТП|ЧП|Помощь на дороге		Реклама	https://telega.in/c/doroga_47		РКН: https://gosuslugi.ru/snet/67b302f748dfb51c40f9e9aa,Региональные,16821,micro,advertising_contact,original_profile_opened,https://t.me/doroga_47,https://telemetr.me/catalog/region/spb,https://telemetr.me/analytics/?name=1209381540,Telemetr отнёс канал к городскому тегу; оригинальный t.me-профиль открыт.,2026-08-25T14:14:34.764919+00:00
aa754b20a07fb24ac434,ЕРВИШНЯ,channel,telegram,https://t.me/yourrwishestg,yourrwishestg,Санкт-Петербург,"Личный дневник Анны Ервишни с фешн мыслями, парф обзорами и буднями инфлюенсера💋🏹🐈‍⬛		📍Санкт-Петербург 	Мой вк: https://vk.ru/yourrwishesvk		По поводу рекламы: @callmemrskittie		Регистрация канала: https://knd.gov.ru/license?id=6736b835ac39970d5f6e3","Авторский блог, Блогеры, Региональные",38260,micro,advertising_contact,original_profile_opened,https://t.me/yourrwishestg,https://telemetr.me/catalog/region/spb,https://telemetr.me/analytics/?name=1707573575,Telemetr отнёс канал к городскому тегу; оригинальный t.me-профиль открыт.,2026-08-25T14:14:26.914810+00:00
63063f82d1629cfac663,живи моментом,channel,telegram,https://t.me/dolcenient,dolcenient,Санкт-Петербург,inspiration in everyday💌		📍 Санкт-Петербург	по поводу сотрудничества: @vvivolavita / @aftershw		реклама на канале: https://t.me/prdolcenient		pinterest 🖇️ https://pin.it/6GX7afPjU		№ 7648657496,"Красота и мода, Региональные",11704,micro,advertising_contact,original_profile_opened,https://t.me/dolcenient,https://telemetr.me/catalog/region/spb,https://telemetr.me/analytics/?name=1837558393,Telemetr отнёс канал к городскому тегу; оригинальный t.me-профиль открыт.,2026-08-25T14:14:42.310067+00:00
321d1124c2e5ae8cde96,и просто так,channel,telegram,https://t.me/writeforfriends,writeforfriends,Санкт-Петербург,"от шопоголизма здесь не лечат!	я Крис, и тут много о бьюти, стиле, и настоящей жизни 		📍Петербург	Для особо важных писем: @writeforfriends_pr 		детский канал: @writeformoms	инст: https://www.instagram.com/kristabely		РКН https://clck.ru/3GEsVg","Для родителей, Красота и мода, Региональные",28749,micro,manual_only,original_profile_opened,https://t.me/writeforfriends,https://telemetr.me/catalog/region/spb,https://telemetr.me/analytics/?name=2053984342,Telemetr отнёс канал к городскому тегу; оригинальный t.me-профиль открыт.,2026-08-25T14:14:34.029747+00:00
c915f0abd6a12fecb9b0,Куда пойти в Питере с детьми,channel,telegram,https://t.me/gokidspeterburg,gokidspeterburg,Санкт-Петербург,"Санкт-Петербург, полезная афиша для родителей.	Интересные события для деток, занимательные мероприятия, необычные локации, лучшие места для посещения с ребенком.	📲 Сотрудничество: @alex_admin_tg","Путешествия, Для родителей, Афиша",34132,micro,advertising_contact,original_profile_opened,https://t.me/gokidspeterburg,https://telemetr.me/catalog/region/spb,https://telemetr.me/analytics/?name=1348648713,Telemetr отнёс канал к городскому тегу; оригинальный t.me-профиль открыт.,2026-08-25T14:14:27.223963+00:00
958465ac50e1c5f06cd4,Магазин Geek Trip,channel,telegram,https://t.me/gktrp,gktrp,Санкт-Петербург,"Наш адрес:	Санкт-Петербург, ул. Некрасова, д. 1/38		geek-trip.ru — доставляем по всей России! 		support@geek-trip.ru и @gktrp_support — обратная связь по вашим заказам","Магазины, Путешествия",14607,micro,manual_only,original_profile_opened,https://t.me/gktrp,https://telemetr.me/catalog/region/spb,https://telemetr.me/analytics/?name=1750743694,Telemetr отнёс канал к городскому тегу; оригинальный t.me-профиль открыт.,2026-08-25T14:14:55.657756+00:00
13cd9551a2120452cfe9,Магазин детских товаров «Мама Жанна»,channel,telegram,https://t.me/mamazhannarf,mamazhannarf,Санкт-Петербург,"📍МСК, Миклухо-Маклая, 36 А	+79600509854	📍СПБ, пр.Шаумяна д.2	+79600510041	📍Уфа, Проспект Октября, 39 	+79649648418	📍Казань, Победы, 139, корпус 2 +79600360659	📍Самара, Галактионовская 277 , +79649780547	📍ЕКБ, ул.Крестинского, д.2	+79090003308		№ 577900433","Магазины, Для родителей",30910,micro,manual_only,original_profile_opened,https://t.me/mamazhannarf,https://telemetr.me/catalog/region/spb,https://telemetr.me/analytics/?name=1352200229,Telemetr отнёс канал к городскому тегу; оригинальный t.me-профиль открыт.,2026-08-25T14:14:26.867938+00:00
41c5604c3ddd8c6dcd16,Марафон «Белые ночи»,channel,telegram,https://t.me/wn_marathon,wn_marathon,Санкт-Петербург,4 июля 2026	Санкт-Петербург	Официальный сайт: https://wnmarathon.runc.run		Заявление РКН №7145941778.	Регистрация в перечне РКН: https://gosuslugi.ru/snet/678771ee506f967728052ef1.,"Спорт, Региональные",21494,micro,manual_only,original_profile_opened,https://t.me/wn_marathon,https://telemetr.me/catalog/region/spb,https://telemetr.me/analytics/?name=1678251624,Telemetr отнёс канал к городскому тегу; оригинальный t.me-профиль открыт.,2026-08-25T14:14:34.410207+00:00
5ce5caa0a4c6ee91d29a,Мегаполис | ДТП и ЧП | Санкт-Петербург | Питер💡,channel,telegram,https://t.me/megapolisonline,megapolisonline,Санкт-Петербург,"№ 4912890041	Mz71rW	Все важные события Санкт-Петербурга. 		Телеграм канал https://vk.com/spb_today	Прислать новость - через сообщения 	Реклама @yolga,  https://telega.in/c/Megapolisonline	Макс - https://max.ru/megapolisspb","Новости, Региональные",77279,micro,advertising_contact,original_profile_opened,https://t.me/megapolisonline,https://telemetr.me/catalog/region/spb,https://telemetr.me/analytics/?name=1138760472,Telemetr отнёс канал к городскому тегу; оригинальный t.me-профиль открыт.,2026-08-25T14:14:26.657058+00:00
b4f049d8a2f7dc1f299a,Мой Питер,channel,telegram,https://t.me/my_SPB78,my_SPB78,Санкт-Петербург,"Всё самое интересное про Санкт-Петербург в одном месте.		Реклама — @tvoy_adm24, @lgotniksocpaket		#KVSVI		№ 6182828679",Региональные,27519,micro,advertising_contact,original_profile_opened,https://t.me/my_SPB78,https://telemetr.me/catalog/region/spb,https://telemetr.me/analytics/?name=2358467571,Telemetr отнёс канал к городскому тегу; оригинальный t.me-профиль открыт.,2026-08-25T14:14:34.045140+00:00
d33cf50885b3a5587282,МОСТ: ХЕРСОН,channel,telegram,https://t.me/mostks,mostks,Санкт-Петербург,Новини Херсонщини🇺🇦 		Зв'язатися 📲 @Most_feedbackBot		Підтримати донатом: 	https://most.ks.ua/donate/?utm_source=telegram&utm_medium=bio&utm_campaign=membership+promo,"Новости, Региональные",21085,micro,manual_only,original_profile_opened,https://t.me/mostks,https://telemetr.me/catalog/region/spb,https://telemetr.me/analytics/?name=1105337717,Telemetr отнёс канал к городскому тегу; оригинальный t.me-профиль открыт.,2026-08-25T14:14:34.338888+00:00
aa02191d78547c2498a7,Мятный Латте,channel,telegram,https://t.me/notesofamintlatte,notesofamintlatte,Санкт-Петербург,Аня 📍Санкт-Петербург		Регистрация в РКН: https://gosuslugi.ru/snet/682f89a145f79f0796f7a5f1		Личный контакт: @ann_mirosh,"Авторский блог, Региональные",18553,micro,manual_only,original_profile_opened,https://t.me/notesofamintlatte,https://telemetr.me/catalog/region/spb,https://telemetr.me/analytics/?name=1871524523,Telemetr отнёс канал к городскому тегу; оригинальный t.me-профиль открыт.,2026-08-25T14:14:34.482910+00:00
d23857d0a1519576fced,Незнакомый Петербург,channel,telegram,https://t.me/unknown_piter,unknown_piter,Санкт-Петербург,Крупнейший познавательный канал про Санкт-Петербург		По рекламе: @alex_petersburg (оплата только сюда)		Менеджеры: @arkadmin @Tgpodbor_official @Spiral_Yuri 	Доп. менеджеры: @salesrek		Регистрация в РКН: https://clck.ru/3EoMMx,"Познавательные, Искусство, Региональные",88209,micro,advertising_contact,original_profile_opened,https://t.me/unknown_piter,https://telemetr.me/catalog/region/spb,https://telemetr.me/analytics/?name=2079480145,Telemetr отнёс канал к городскому тегу; оригинальный t.me-профиль открыт.,2026-08-25T14:14:26.818100+00:00
4e6aa2b8b80b9f55d7f6,Неугомонная,channel,telegram,https://t.me/neugomonnay_n,neugomonnay_n,Санкт-Петербург,Home / Shopping / Lifestyle	Великий Новгород - Санкт-Петербург 		Владелец @Sun_688 Главный Менеджер 	@prmyshalovaaa 	Менеджер @lunrevee @engzhi591		https://gosuslugi.ru/snet/684810728c020e133acf9f7b,Региональные,40575,micro,manual_only,original_profile_opened,https://t.me/neugomonnay_n,https://telemetr.me/catalog/region/spb,https://telemetr.me/analytics/?name=2390685492,Telemetr отнёс канал к городскому тегу; оригинальный t.me-профиль открыт.,2026-08-25T14:14:26.844276+00:00
3d78727ba50e1ae37758,Новости Санкт Петербурга,channel,telegram,https://t.me/newsspbtop,newsspbtop,Санкт-Петербург,Новости северной столицы. Санкт-Петербург в фокусе: важные события и известия. #8NLDC		Сотрудничество: @newsspbtopbot		Купить рекламу: https://telega.in/c/newsspbtop,"Новости, Региональные",13195,micro,advertising_contact,original_profile_opened,https://t.me/newsspbtop,https://telemetr.me/catalog/region/spb,https://telemetr.me/analytics/?name=1720492644,Telemetr отнёс канал к городскому тегу; оригинальный t.me-профиль открыт.,2026-08-25T14:14:42.123746+00:00
bb8f85dd0ac68e59a24c,Оптика Призма СПб,channel,telegram,https://t.me/optica_prisma,optica_prisma,Санкт-Петербург,Оптика КРЕАТИВНЫХ и СТИЛЬНЫХ очков!	Доставка по России почтой и сдек		Примерка ⤵️	Санкт-Петербург	🏠ул.Савушкина 116 	⌚️11.00-21.00,"Магазины, Наука и технологии",11937,micro,manual_only,original_profile_opened,https://t.me/optica_prisma,https://telemetr.me/catalog/region/spb,https://telemetr.me/analytics/?name=1223424577,Telemetr отнёс канал к городскому тегу; оригинальный t.me-профиль открыт.,2026-08-25T14:14:41.884880+00:00
afbd65b1dc8c64e149fe,Ортопед Доктор Мамонтов д.м.н. Санкт-Петербург,channel,telegram,https://t.me/doktormamontov,doktormamontov,Санкт-Петербург,Лечу  https://www.centerto.com    YT   https://www.youtube.com/c/ДокторМамонтов          Чат Консультации по пятницам             https://t.me/DocMamontov Реклама https://telega.in/c/doktormamontov Лично @doctormamontov РКН реестр 021326,"Медицина и здоровье, Авторский блог, Региональные",21547,micro,advertising_contact,original_profile_opened,https://t.me/doktormamontov,https://telemetr.me/catalog/region/spb,https://telemetr.me/analytics/?name=1489199832,Telemetr отнёс канал к городскому тегу; оригинальный t.me-профиль открыт.,2026-08-25T14:14:34.272739+00:00
4426dd4812cc88c69ccd,Петербургские истории 🎞,channel,telegram,https://t.me/piter_places,piter_places,Санкт-Петербург,Санкт-Петербург 	🏛 Истории о людях	📝 Легенды и тайны Питера	Реклама: @Sila_teleg_sales @Sila_teleg 	РКН: https://knd.gov.ru/license?id=67602c1b2516457be8707b5c&registryType=bloggersPermission	#8LEG8,"Путешествия, Авторский блог, Подслушано",45405,micro,advertising_contact,original_profile_opened,https://t.me/piter_places,https://telemetr.me/catalog/region/spb,https://telemetr.me/analytics/?name=1827086168,Telemetr отнёс канал к городскому тегу; оригинальный t.me-профиль открыт.,2026-08-25T14:14:26.723395+00:00
60e88c19d071c53cbd94,Питер в голове • Про Санкт-Петербург • СПБ,channel,telegram,https://t.me/piter_v_golove,piter_v_golove,Санкт-Петербург,"Я, Марк - ваш проводник по современному Санкт-Петербургу!	📍Все самое интересное о СПБ! 	📍Уникальные места и события Питера о которых мало кто знает!	Реклама / статистика https://all-stats.ru/channel/telegram-channel-piter_v_golo	👉Для связи: @bizz_freedom","Путешествия, Авторский блог, Познавательные",75620,micro,advertising_contact,original_profile_opened,https://t.me/piter_v_golove,https://telemetr.me/catalog/region/spb,https://telemetr.me/analytics/?name=2115053730,Telemetr отнёс канал к городскому тегу; оригинальный t.me-профиль открыт.,2026-08-25T14:14:26.786242+00:00
c5251397df887d08ce69,Радар Санкт-Петербург,channel,telegram,https://t.me/radar_piter,radar_piter,Санкт-Петербург,"🔔Включите обязательно уведомления, чтобы получать точную и оперативную информацию. 		По рекламе: @ktoktoktoktooo","Новости, Региональные",38128,micro,advertising_contact,original_profile_opened,https://t.me/radar_piter,https://telemetr.me/catalog/region/spb,https://telemetr.me/analytics/?name=2549707378,Telemetr отнёс канал к городскому тегу; оригинальный t.me-профиль открыт.,2026-08-25T14:14:26.820601+00:00
982bcd6823a830885d2c,Разберу по составу,channel,telegram,https://t.me/skintelligence,skintelligence,Санкт-Петербург,"📍Санкт-Петербург 	По вопросам сотрудничества: @Alina_skincare		Других каналов и соцсетей нет.	БАДам, коллагенам, детоксам просьба не беспокоить! Консультаций нет.		Реестр РКН: https://rkn.link/FOP","Медицина и здоровье, Авторский блог, Региональные",26945,micro,advertising_contact,original_profile_opened,https://t.me/skintelligence,https://telemetr.me/catalog/region/spb,https://telemetr.me/analytics/?name=1877767440,Telemetr отнёс канал к городскому тегу; оригинальный t.me-профиль открыт.,2026-08-25T14:14:48.214015+00:00
5cbcdb246507805d6879,развивая стиль | Лидия Шаро,channel,telegram,https://t.me/sharovashare,sharovashare,Санкт-Петербург,О стиле и жизни. Санкт-Петербург основной 		Канал MAX 📌 	https://max.ru/sharovashare		Сотрудничество личные блоги/мероприятия/рестораны @lidiya_sharo		❗️Бренды @rufa_abubikerova		В перечне РКН		https://gosuslugi.ru/snet/673a4853340096358ba9f0d2,"Кулинария, Афиша, Красота и мода",30402,micro,advertising_contact,original_profile_opened,https://t.me/sharovashare,https://telemetr.me/catalog/region/spb,https://telemetr.me/analytics/?name=1153462325,Telemetr отнёс канал к городскому тегу; оригинальный t.me-профиль открыт.,2026-08-25T14:14:30.235532+00:00
2b86813359becbbf3299,Санкт-Петербург,channel,telegram,https://t.me/piter,piter,Санкт-Петербург,Подписывайся и будь в курсе жизни Санкт-Петербурга! 		Сотрудничество: @i_piter,"Афиша, Региональные",17428,micro,advertising_contact,original_profile_opened,https://t.me/piter,https://telemetr.me/catalog/region/spb,https://telemetr.me/analytics/?name=1111577546,Telemetr отнёс канал к городскому тегу; оригинальный t.me-профиль открыт.,2026-08-25T14:14:34.360343+00:00
d342ba08e26a6e99c9db,Санкт-Петербург - Новости,channel,telegram,https://t.me/spb_lives,spb_lives,Санкт-Петербург,Новости и события Санкт-Петербурга.		Реклама - @hapney,"Новости, Региональные",12800,micro,advertising_contact,original_profile_opened,https://t.me/spb_lives,https://telemetr.me/catalog/region/spb,https://telemetr.me/analytics/?name=1874602537,Telemetr отнёс канал к городскому тегу; оригинальный t.me-профиль открыт.,2026-08-25T14:14:41.875169+00:00
b97ea63013f3013fad55,Санкт-Петербург LIVE,channel,telegram,https://t.me/spb_smi,spb_smi,Санкт-Петербург,В Питере жить!		Пригласить друзей: https://t.me/+QtgvYBN6BeoxNzIy		Поделиться новостью: @Andry_SMI		Купить рекламу: @ADV_SMI	Купить через биржу: https://telega.in/c/spb_smi		https://clck.ru/3FS3qp	18+,"Новости, Региональные",164929,mid,advertising_contact,original_profile_opened,https://t.me/spb_smi,https://telemetr.me/catalog/region/spb,https://telemetr.me/analytics/?name=1465133646,Telemetr отнёс канал к городскому тегу; оригинальный t.me-профиль открыт.,2026-08-25T14:14:26.762227+00:00
27a8e0a6d758954e1ae3,Санкт-Петербург online | Saintpgo,channel,telegram,https://t.me/saintpgoo,saintpgoo,Санкт-Петербург,Полезный канал для жителей и гостей Санкт-Петербурга.		Рассказываю о самых интересных местах и событиях Санкт-Петербурга.		Ссылка: https://t.me/+yYOmDl1YmX0xMjUy		🗣 новость:  @Saintpgo_prbot	▪️По рекламе: @ignatievone		РКН: https://clck.ru/3FifSb,"Путешествия, Афиша, Новости",105973,mid,advertising_contact,original_profile_opened,https://t.me/saintpgoo,https://telemetr.me/catalog/region/spb,https://telemetr.me/analytics/?name=1493636331,Telemetr отнёс канал к городскому тегу; оригинальный t.me-профиль открыт.,2026-08-25T14:14:26.709568+00:00
691cb40b3f2758817aad,Санкт-Петербург | Питер Live,channel,telegram,https://t.me/petersburg_live,petersburg_live,Санкт-Петербург,"Все главные новости Петербурга. 		Подайте заявку, чтобы перейти к просмотру!		Реклама: @spbcity78		Купить рекламу через биржу: 	https://telega.in/c/+XQFoAyOhV35lNmJi		РКН: clck.ru/3GNN5J","Новости, Региональные",67052,micro,advertising_contact,original_profile_opened,https://t.me/petersburg_live,https://telemetr.me/catalog/region/spb,https://telemetr.me/analytics/?name=1491700053,Telemetr отнёс канал к городскому тегу; оригинальный t.me-профиль открыт.,2026-08-25T14:14:27.034807+00:00
437abb5784c19961c017,Санкт-Петербург сегодня,channel,telegram,https://t.me/spb_burg,spb_burg,Санкт-Петербург,"Самые интересные новости Петербурга, секретные места, афиша города.		📩Присылайте фото и видео @pitertop02_bot		Реклама @avian555, итоги розыгрышей @reklamnayalisa. Переходите из описания!		Регистрация в РКН https://clck.ru/3NYcmw","Афиша, Видео, Новости",38628,micro,advertising_contact,original_profile_opened,https://t.me/spb_burg,https://telemetr.me/catalog/region/spb,https://telemetr.me/analytics/?name=1944712323,Telemetr отнёс канал к городскому тегу; оригинальный t.me-профиль открыт.,2026-08-25T14:14:26.802889+00:00
fe3c35071fec083d9bcf,Санкт-Петербург Сейчас,channel,telegram,https://t.me/spb_radar,spb_radar,Санкт-Петербург,"Информационный российский источник для оповещения населения об воздушной угрозе.		🔔Включите обязательно уведомления, чтобы получать точную и оперативную информацию",Региональные,30125,micro,manual_only,original_profile_opened,https://t.me/spb_radar,https://telemetr.me/catalog/region/spb,https://telemetr.me/analytics/?name=2454089371,Telemetr отнёс канал к городскому тегу; оригинальный t.me-профиль открыт.,2026-08-25T14:14:30.377127+00:00
55ff4a4f81a146326dd0,Санкт-Петербург 💚 Куда пойти,channel,telegram,https://t.me/russian_spb78,russian_spb78,Санкт-Петербург,Здесь все самое интересное о культурной столице нашей Родины для Вас. 		Пригласить: https://t.me/+LGF_0nQVkRg3OGE6		Сообщество ВК https://vk.com/russian_spb78		📈Купить рекламу @Djonik0161 или https://telega.in/c/+LGF_0nQVkRg3OGE6,"Путешествия, Афиша, Региональные",15394,micro,advertising_contact,original_profile_opened,https://t.me/russian_spb78,https://telemetr.me/catalog/region/spb,https://telemetr.me/analytics/?name=2009652887,Telemetr отнёс канал к городскому тегу; оригинальный t.me-профиль открыт.,2026-08-25T14:14:37.975824+00:00
89957ab15d5827d62360,Северная столица | Санкт-Петербург,channel,telegram,https://t.me/peterburg_sever,peterburg_sever,Санкт-Петербург,"🔥 Тот самый канал, в котором пишут о том, что не покажут по ТВ! 		💵 ПО РЕКЛАМЕ (в лс): @vkmamaru (ОТВЕЧАЮ СТРОГО Я, менеджеры не ускорят время ответа)		Канал на биржа: @legist4 https://telega.in/c/peterburg_sever и @Spiral_Yuri , @swaymedia",Региональные,34573,micro,advertising_contact,original_profile_opened,https://t.me/peterburg_sever,https://telemetr.me/catalog/region/spb,https://telemetr.me/analytics/?name=2227570047,Telemetr отнёс канал к городскому тегу; оригинальный t.me-профиль открыт.,2026-08-25T14:14:26.899324+00:00
55987467b80a0087aef4,Суши Wok Санкт-Петербург,channel,telegram,https://t.me/sushiwokspb,sushiwokspb,Санкт-Петербург,Самые выгодные промокоды и акции для друзей Суши Wok в Санкт-Петербурге и ЛО!	Бесплатная доставка при заказе от 2000₽ 🚚		Сделать заказ: sushiwok.ru		Подпишись на нашу группу вк: https://vk.com/sushiwok,Региональные,20744,micro,manual_only,original_profile_opened,https://t.me/sushiwokspb,https://telemetr.me/catalog/region/spb,https://telemetr.me/analytics/?name=1752890275,Telemetr отнёс канал к городскому тегу; оригинальный t.me-профиль открыт.,2026-08-25T14:14:34.250186+00:00
f8d92c2de63cfced8d93,ТРЦ «Галерея»,channel,telegram,https://t.me/galeria_mall_spb,galeria_mall_spb,Санкт-Петербург,🎁 Подарки за покупки в приложении: https://onelink.to/639vb8		#️⃣ Важные новости по тегам	#открытия	#будниГалереи	#советыстилиста 	#вещьнедели	#трендсезона	#хочукакунее и #хочукакунего		Номер рег. 5061438156		📍г. Санкт-Петербург,"Афиша, Искусство, Наука и технологии",16244,micro,manual_only,original_profile_opened,https://t.me/galeria_mall_spb,https://telemetr.me/catalog/region/spb,https://telemetr.me/analytics/?name=1693421338,Telemetr отнёс канал к городскому тегу; оригинальный t.me-профиль открыт.,2026-08-25T14:14:51.865877+00:00
e12a34b25f487295cc80,Хоккей в Санкт-Петербурге!,channel,telegram,https://t.me/hockey_piter_tg,hockey_piter_tg,Санкт-Петербург,"🔥 Моментальная публикация постов по итогам матчей ФХСПБ!		Менеджер(по рекламе и другим вопросам): @hockey_piter_manager		mail: press@hockeyspb.online		ФХСПБ, Лен.хоккей, федерация СПБ, хоккей спб","Спорт, Региональные",13057,micro,advertising_contact,original_profile_opened,https://t.me/hockey_piter_tg,https://telemetr.me/catalog/region/spb,https://telemetr.me/analytics/?name=2097632686,Telemetr отнёс канал к городскому тегу; оригинальный t.me-профиль открыт.,2026-08-25T14:14:41.904914+00:00
c44bf8d7fb2d3f0c15c1,ЧАЁК,channel,telegram,https://t.me/chaekshop,chaekshop,Санкт-Петербург,"Магазин китайского чая ЧАЁК — свежий взгляд на культуру! 		🌐 chaekshop.ru	📩 @chaek_friend		Санкт-Петербург, набережная канала Грибоедова, 72		#0FKVH",Магазины,11736,micro,manual_only,original_profile_opened,https://t.me/chaekshop,https://telemetr.me/catalog/region/spb,https://telemetr.me/analytics/?name=1343465225,Telemetr отнёс канал к городскому тегу; оригинальный t.me-профиль открыт.,2026-08-25T14:14:42.192252+00:00
3a33b4fc825306562230,Чико | Санкт-Петербург,channel,telegram,https://t.me/chicko_saint_petersburg,chicko_saint_petersburg,Санкт-Петербург,🫰🏻Чико — вкус Азии в Питере!		📍Щербаков пер. 17/3с2 	Связь: @chickospb	📍ул. 2-я Советская 27/2 (Невский	 пр-кт 142)	Связь: +7(911)107-97-07	Бронь столиков: https://chicko.restoplace.ws/		Номер заявления РКН: № 7305467782,Региональные,14123,micro,manual_only,original_profile_opened,https://t.me/chicko_saint_petersburg,https://telemetr.me/catalog/region/spb,https://telemetr.me/analytics/?name=1950898902,Telemetr отнёс канал к городскому тегу; оригинальный t.me-профиль открыт.,2026-08-25T14:14:41.654150+00:00
