candidate_id,display_name,primary_handle,city,audience_band,contactability,platform,canonical_url,follower_count,source_url
eaf3aa9b61db33660db6,Alina | UGC Creator | Travel & Lifestyle,alinagulayeva_,Батуми,nano,advertising_contact,instagram,https://www.instagram.com/alinagulayeva_,1334,https://www.instagram.com/alinagulayeva_
eaf3aa9b61db33660db6,Alina | UGC Creator | Travel & Lifestyle,alinagulayeva_,Батуми,nano,advertising_contact,threads,https://www.threads.com/@alinagulayeva_,145,https://threadlook.com/profile/alinagulayeva_
0a980ed30fe63d7d06d8,Daria Makes,dariamakes8,Батуми,nano,manual_only,instagram,https://www.instagram.com/dariamakes8,358,https://www.instagram.com/dariamakes8
55eab9040df0caba9c03,GABI-M🎧,mari.gabaidze,Батуми,micro,manual_only,instagram,https://www.instagram.com/mari.gabaidze,40000,https://www.instagram.com/mari.gabaidze
55eab9040df0caba9c03,GABI-M🎧,mari.gabaidze,Батуми,micro,manual_only,threads,https://www.threads.com/@mari.gabaidze,6600,https://threadlook.com/profile/mari.gabaidze
aa4317b424ab7e81228c,Hannah Chabanova,its.chabik,Батуми,nano,manual_only,instagram,https://www.instagram.com/its.chabik,1540,https://www.instagram.com/its.chabik
aa4317b424ab7e81228c,Hannah Chabanova,its.chabik,Батуми,nano,manual_only,threads,https://www.threads.com/@its.chabik,174,https://threadlook.com/profile/its.chabik
8591e4e63d8a25e41ac7,Miron Megalodon,miron.megalodon,Батуми,micro,manual_only,instagram,https://www.instagram.com/miron.megalodon,46000,https://www.instagram.com/miron.megalodon
e9aa6ff513b096fa25e6,MORGANA NEWS | НОВИНИ | ЦІКАВИНКИ,morgana_news,Батуми,micro,manual_only,instagram,https://www.instagram.com/morgana_news,22000,https://www.instagram.com/morgana_news
e9aa6ff513b096fa25e6,MORGANA NEWS | НОВИНИ | ЦІКАВИНКИ,morgana_news,Батуми,micro,manual_only,threads,https://www.threads.com/@morgana_news,157,https://threadlook.com/profile/morgana_news
237e3e923845737097b0,Olga  • UGC,olga.rouge,Батуми,nano,advertising_contact,instagram,https://www.instagram.com/olga.rouge,914,https://www.instagram.com/olga.rouge
237e3e923845737097b0,Olga  • UGC,olga.rouge,Батуми,nano,advertising_contact,threads,https://www.threads.com/@olga.rouge,10,https://threadlook.com/profile/olga.rouge
2a89f1dc575b96338a3b,Розочка с Одессы🌹Настя,_rozochka.life_,Батуми,micro,manual_only,instagram,https://www.instagram.com/_rozochka.life_,47000,https://www.instagram.com/_rozochka.life_
2a89f1dc575b96338a3b,Розочка с Одессы🌹Настя,_rozochka.life_,Батуми,micro,manual_only,threads,https://www.threads.com/@_rozochka.life_,3300,https://threadlook.com/profile/_rozochka.life_
74a231389c5bbbf5a2c7,:Pauly,kidultish,Краснодар,micro,manual_only,instagram,https://www.instagram.com/kidultish,13000,https://www.instagram.com/kidultish
74a231389c5bbbf5a2c7,:Pauly,kidultish,Краснодар,micro,manual_only,threads,https://www.threads.com/@kidultish,160,https://threadlook.com/profile/kidultish
74a231389c5bbbf5a2c7,:Pauly,kidultish,Краснодар,micro,manual_only,tiktok,https://www.tiktok.com/@kidultish,,https://www.tiktok.com/@kidultish
507b11cb6fc65eaeb4a6,Adelina S.,miss.palazyan,Краснодар,micro,manual_only,instagram,https://www.instagram.com/miss.palazyan,22000,https://www.instagram.com/miss.palazyan
507b11cb6fc65eaeb4a6,Adelina S.,miss.palazyan,Краснодар,micro,manual_only,threads,https://www.threads.com/@miss.palazyan,1900,https://threadlook.com/profile/miss.palazyan
507b11cb6fc65eaeb4a6,Adelina S.,miss.palazyan,Краснодар,micro,manual_only,tiktok,https://www.tiktok.com/@miss.palazyan,,https://www.tiktok.com/@miss.palazyan
3d3a20198ab86f3e4e05,Anastasiia Makarenko,makarenko__anastasiia,Краснодар,micro,manual_only,instagram,https://www.instagram.com/makarenko__anastasiia,21000,https://www.instagram.com/makarenko__anastasiia
34f0386ea1eca449f7fd,Eduard Spertsyan,edospertsyan.74,Краснодар,mid,manual_only,instagram,https://www.instagram.com/edospertsyan.74,137000,https://www.instagram.com/edospertsyan.74
34f0386ea1eca449f7fd,Eduard Spertsyan,edospertsyan.74,Краснодар,mid,manual_only,threads,https://www.threads.com/@edospertsyan.74,4600,https://threadlook.com/profile/edospertsyan.74
34f0386ea1eca449f7fd,Eduard Spertsyan,edospertsyan.74,Краснодар,mid,manual_only,tiktok,https://www.tiktok.com/@edospertsyan.74,,https://www.tiktok.com/@edospertsyan.74
f36e3175e8dbeba67019,Evgeniy Zhukov,zhukov.evg,Краснодар,micro,manual_only,instagram,https://www.instagram.com/zhukov.evg,12000,https://www.instagram.com/zhukov.evg
3ab4688cd9f753091447,Horns and Bones,hornsandbones,Краснодар,micro,manual_only,instagram,https://www.instagram.com/hornsandbones,80000,https://www.instagram.com/hornsandbones
01e357c1ea2ce739bb1b,Ju 🪐,juliasher_13,Краснодар,micro,manual_only,instagram,https://www.instagram.com/juliasher_13,37000,https://www.instagram.com/juliasher_13
01e357c1ea2ce739bb1b,Ju 🪐,juliasher_13,Краснодар,micro,manual_only,threads,https://www.threads.com/@juliasher_13,4000,https://threadlook.com/profile/juliasher_13
283f28b160ab89a1e4d6,Kristina…⚜️,_kristina_surikovna_,Краснодар,micro,manual_only,instagram,https://www.instagram.com/_kristina_surikovna_,47000,https://www.instagram.com/_kristina_surikovna_
283f28b160ab89a1e4d6,Kristina…⚜️,_kristina_surikovna_,Краснодар,micro,manual_only,threads,https://www.threads.com/@_kristina_surikovna_,3200,https://threadlook.com/profile/_kristina_surikovna_
94ecf01eae06902b2828,Laura Arutiunian,lauramalik__,Краснодар,mid,manual_only,instagram,https://www.instagram.com/lauramalik__,130000,https://www.instagram.com/lauramalik__
94ecf01eae06902b2828,Laura Arutiunian,lauramalik__,Краснодар,mid,manual_only,threads,https://www.threads.com/@lauramalik__,10700,https://threadlook.com/profile/lauramalik__
9927260426219a74e0fc,Natali Model / Fitness coach / Makeup Marbella Malaga,sutulanatali,Краснодар,mid,manual_only,instagram,https://www.instagram.com/sutulanatali,123000,https://www.instagram.com/sutulanatali
9927260426219a74e0fc,Natali Model / Fitness coach / Makeup Marbella Malaga,sutulanatali,Краснодар,mid,manual_only,threads,https://www.threads.com/@sutulanatali,803,https://threadlook.com/profile/sutulanatali
d6faa8bb0afb6a86bb29,Sergey Petrov,seregapetrov,Краснодар,micro,manual_only,instagram,https://www.instagram.com/seregapetrov,16000,https://www.instagram.com/seregapetrov
d6faa8bb0afb6a86bb29,Sergey Petrov,seregapetrov,Краснодар,micro,manual_only,tiktok,https://www.tiktok.com/@seregapetrov,,https://www.tiktok.com/@seregapetrov
43931e96eaaf31b8e4de,Анастасия Ахмедова /Лазаренко/,_nastya.lazarenko,Краснодар,micro,manual_only,instagram,https://www.instagram.com/_nastya.lazarenko,19000,https://www.instagram.com/_nastya.lazarenko
d4cc6f0feb71b27ff126,Андрей Алексеенко,alekseenko_krd,Краснодар,micro,manual_only,instagram,https://www.instagram.com/alekseenko_krd,11000,https://www.instagram.com/alekseenko_krd
7b5dd88c356355e622c7,Андрей Панжин,panzhin77,Краснодар,micro,manual_only,instagram,https://www.instagram.com/panzhin77,45000,https://www.instagram.com/panzhin77
7b5dd88c356355e622c7,Андрей Панжин,panzhin77,Краснодар,micro,manual_only,threads,https://www.threads.com/@panzhin77,405,https://threadlook.com/profile/panzhin77
80694f3ca50322120a46,АНИ | ПСИХОЛОГ | ИСКУССТВО ФЛИРТА | ПСИХОЛОГИЯ ОТНОШЕНИЙ,an.ni_gray,Краснодар,mid,manual_only,instagram,https://www.instagram.com/an.ni_gray,143000,https://www.instagram.com/an.ni_gray
80694f3ca50322120a46,АНИ | ПСИХОЛОГ | ИСКУССТВО ФЛИРТА | ПСИХОЛОГИЯ ОТНОШЕНИЙ,an.ni_gray,Краснодар,mid,manual_only,threads,https://www.threads.com/@an.ni_gray,6900,https://threadlook.com/profile/an.ni_gray
f0577e9ec60f1df84e67,Анна Бершадская,bershadskaya,Краснодар,mid,manual_only,instagram,https://www.instagram.com/bershadskaya,170000,https://www.instagram.com/bershadskaya
f0577e9ec60f1df84e67,Анна Бершадская,bershadskaya,Краснодар,mid,manual_only,threads,https://www.threads.com/@bershadskaya,6400,https://threadlook.com/profile/bershadskaya
d6bb146232070aaadb9d,АХРА САМАНДЖИЯ | хореограф,axra_saz,Краснодар,micro,manual_only,instagram,https://www.instagram.com/axra_saz,17000,https://www.instagram.com/axra_saz
f4415843c02b56c974ce,Вадим КУЛАГА | уникальная керамика,vadim_kulaga,Краснодар,mid,manual_only,instagram,https://www.instagram.com/vadim_kulaga,107000,https://www.instagram.com/vadim_kulaga
f4415843c02b56c974ce,Вадим КУЛАГА | уникальная керамика,vadim_kulaga,Краснодар,mid,manual_only,threads,https://www.threads.com/@vadim_kulaga,2000,https://threadlook.com/profile/vadim_kulaga
e458ea06c20f10198fbf,Косметолог📍Майкоп📍Краснодар,dr_zaira_sheudzhen,Краснодар,micro,manual_only,instagram,https://www.instagram.com/dr_zaira_sheudzhen,15000,https://www.instagram.com/dr_zaira_sheudzhen
e458ea06c20f10198fbf,Косметолог📍Майкоп📍Краснодар,dr_zaira_sheudzhen,Краснодар,micro,manual_only,threads,https://www.threads.com/@dr_zaira_sheudzhen,1100,https://threadlook.com/profile/dr_zaira_sheudzhen
99dc3801f3811806f44b,КРАСНОДАР,irene_attitude,Краснодар,micro,manual_only,instagram,https://www.instagram.com/irene_attitude,10000,https://www.instagram.com/irene_attitude
99dc3801f3811806f44b,КРАСНОДАР,irene_attitude,Краснодар,micro,manual_only,threads,https://www.threads.com/@irene_attitude,553,https://threadlook.com/profile/irene_attitude
f821b14b7dc7d8cef4ba,Лариса Титоян,larisa_titoyan,Краснодар,mid,manual_only,instagram,https://www.instagram.com/larisa_titoyan,144000,https://www.instagram.com/larisa_titoyan
2a88ea787fc3f091b8cc,Лили Кецман,lili.ketsman,Краснодар,micro,manual_only,instagram,https://www.instagram.com/lili.ketsman,62000,https://www.instagram.com/lili.ketsman
2a88ea787fc3f091b8cc,Лили Кецман,lili.ketsman,Краснодар,micro,manual_only,threads,https://www.threads.com/@lili.ketsman,1200,https://threadlook.com/profile/lili.ketsman
9222306fc588d96f1da4,Машталир Наталья,smenila_imya,Краснодар,micro,manual_only,instagram,https://www.instagram.com/smenila_imya,10000,https://www.instagram.com/smenila_imya
9222306fc588d96f1da4,Машталир Наталья,smenila_imya,Краснодар,micro,manual_only,threads,https://www.threads.com/@smenila_imya,944,https://threadlook.com/profile/smenila_imya
926c71d203c7591038df,Милена🧿🤞🏻 | Модель ? 📍Krd,ssseallorredd,Краснодар,micro,manual_only,instagram,https://www.instagram.com/ssseallorredd,13000,https://www.instagram.com/ssseallorredd
926c71d203c7591038df,Милена🧿🤞🏻 | Модель ? 📍Krd,ssseallorredd,Краснодар,micro,manual_only,tiktok,https://www.tiktok.com/@ssseallorredd,,https://www.tiktok.com/@ssseallorredd
cb56e8faad8a262b7dfb,Мурат Калакуток,murat_kalakutok,Краснодар,micro,manual_only,instagram,https://www.instagram.com/murat_kalakutok,53000,https://www.instagram.com/murat_kalakutok
b9caaedd73a68c8974ac,НАТАЛИ - TOP 🔝 МАКИЯЖ ВИЗАЖИСТ ОБУЧЕНИЕ КРАСНОДАР,naberri_makeup,Краснодар,mid,manual_only,instagram,https://www.instagram.com/naberri_makeup,118000,https://www.instagram.com/naberri_makeup
b9caaedd73a68c8974ac,НАТАЛИ - TOP 🔝 МАКИЯЖ ВИЗАЖИСТ ОБУЧЕНИЕ КРАСНОДАР,naberri_makeup,Краснодар,mid,manual_only,threads,https://www.threads.com/@naberri_makeup,1800,https://threadlook.com/profile/naberri_makeup
12c57b7e231c7b5ba105,Обучаю съемке Reels на смартфон.,mitopro,Краснодар,mid,manual_only,instagram,https://www.instagram.com/mitopro,100000,https://www.instagram.com/mitopro
12c57b7e231c7b5ba105,Обучаю съемке Reels на смартфон.,mitopro,Краснодар,mid,manual_only,threads,https://www.threads.com/@mitopro,1300,https://threadlook.com/profile/mitopro
c52c579ba96b4614b50b,Отари Бадров,otarrri,Краснодар,micro,manual_only,instagram,https://www.instagram.com/otarrri,14000,https://www.instagram.com/otarrri
c52c579ba96b4614b50b,Отари Бадров,otarrri,Краснодар,micro,manual_only,threads,https://www.threads.com/@otarrri,501,https://threadlook.com/profile/otarrri
c52c579ba96b4614b50b,Отари Бадров,otarrri,Краснодар,micro,manual_only,tiktok,https://www.tiktok.com/@otarrri,,https://www.tiktok.com/@otarrri
225550ffa89801cefda6,ПРИГЛАСИТЕЛЬНЫЕ / ОБУЧЕНИЕ / БУКЕТЫ / СВАДЕБНАЯ АТРИБУТИКА,naira_events_,Краснодар,mid,manual_only,instagram,https://www.instagram.com/naira_events_,147000,https://www.instagram.com/naira_events_
a7251639956fd4390ced,Сюзанна ♌️Саруханян,suzanna_sarukhanyan,Краснодар,micro,manual_only,instagram,https://www.instagram.com/suzanna_sarukhanyan,47000,https://www.instagram.com/suzanna_sarukhanyan
a7251639956fd4390ced,Сюзанна ♌️Саруханян,suzanna_sarukhanyan,Краснодар,micro,manual_only,threads,https://www.threads.com/@suzanna_sarukhanyan,1900,https://threadlook.com/profile/suzanna_sarukhanyan
39b82c7d83fd78c6a0a8,🄴🄻🄸🅉🄰🅅🄴🅃🄰,lizlizaaaaa,Краснодар,micro,manual_only,instagram,https://www.instagram.com/lizlizaaaaa,42000,https://www.instagram.com/lizlizaaaaa
39b82c7d83fd78c6a0a8,🄴🄻🄸🅉🄰🅅🄴🅃🄰,lizlizaaaaa,Краснодар,micro,manual_only,tiktok,https://www.tiktok.com/@lizlizaaaaa,,https://www.tiktok.com/@lizlizaaaaa
a95d125fe19a8be95439,🔥Перевяз Газ🔥,_perevyaz_,Краснодар,micro,manual_only,instagram,https://www.instagram.com/_perevyaz_,72000,https://www.instagram.com/_perevyaz_
a95d125fe19a8be95439,🔥Перевяз Газ🔥,_perevyaz_,Краснодар,micro,manual_only,threads,https://www.threads.com/@_perevyaz_,348,https://threadlook.com/profile/_perevyaz_
95132eae5b2a0914140e,Alexandra Shadkam,abletodothis,Санкт-Петербург,micro,manual_only,instagram,https://www.instagram.com/abletodothis,46000,https://www.instagram.com/abletodothis
99a0c751281ee90ae335,Alfiya Berezovskaya 🕊️🤍,alfiyagram,Санкт-Петербург,micro,manual_only,instagram,https://www.instagram.com/alfiyagram,49000,https://www.instagram.com/alfiyagram
99a0c751281ee90ae335,Alfiya Berezovskaya 🕊️🤍,alfiyagram,Санкт-Петербург,micro,manual_only,tiktok,https://www.tiktok.com/@alfiyagram,,https://www.tiktok.com/@alfiyagram
341400bcd4ff38da508f,Dmitrylavrov,dmitrylavrov,Санкт-Петербург,micro,manual_only,instagram,https://www.instagram.com/dmitrylavrov,33000,https://www.instagram.com/dmitrylavrov
341400bcd4ff38da508f,Dmitrylavrov,dmitrylavrov,Санкт-Петербург,micro,manual_only,threads,https://www.threads.com/@dmitrylavrov,2200,https://threadlook.com/profile/dmitrylavrov
3edbc92a9fcc1eac175e,glass.gorodok,glass.gorodok,Санкт-Петербург,nano,manual_only,instagram,https://www.instagram.com/glass.gorodok,0,https://www.instagram.com/glass.gorodok
eef2cf2e9e2af7625705,IVAN POKIDYSHEV,pokidyshev_art,Санкт-Петербург,micro,manual_only,instagram,https://www.instagram.com/pokidyshev_art,64000,https://www.instagram.com/pokidyshev_art
eef2cf2e9e2af7625705,IVAN POKIDYSHEV,pokidyshev_art,Санкт-Петербург,micro,manual_only,threads,https://www.threads.com/@pokidyshev_art,1600,https://threadlook.com/profile/pokidyshev_art
7ae975823d700c78f521,my name is art,azrtusa,Санкт-Петербург,micro,manual_only,instagram,https://www.instagram.com/azrtusa,45000,https://www.instagram.com/azrtusa
ea46fb0e9c7fc118d0fc,Polli Zelenina,polli.zelenina,Санкт-Петербург,micro,manual_only,instagram,https://www.instagram.com/polli.zelenina,45000,https://www.instagram.com/polli.zelenina
ea46fb0e9c7fc118d0fc,Polli Zelenina,polli.zelenina,Санкт-Петербург,micro,manual_only,threads,https://www.threads.com/@polli.zelenina,1400,https://threadlook.com/profile/polli.zelenina
cf50fb2f42291d1fba6f,Vladislav Ivanov,lineysfilm,Санкт-Петербург,micro,manual_only,instagram,https://www.instagram.com/lineysfilm,65000,https://www.instagram.com/lineysfilm
cf50fb2f42291d1fba6f,Vladislav Ivanov,lineysfilm,Санкт-Петербург,micro,manual_only,threads,https://www.threads.com/@lineysfilm,12200,https://threadlook.com/profile/lineysfilm
cf50fb2f42291d1fba6f,Vladislav Ivanov,lineysfilm,Санкт-Петербург,micro,manual_only,tiktok,https://www.tiktok.com/@lineysfilm,,https://www.tiktok.com/@lineysfilm
8ea92495ab37aca40085,Александр Ерохин,erokhin___alexander,Санкт-Петербург,micro,manual_only,instagram,https://www.instagram.com/erokhin___alexander,44000,https://www.instagram.com/erokhin___alexander
a833b58b3decb0d0acc2,Алексей Шишкин. Журналист,stadter,Санкт-Петербург,micro,manual_only,instagram,https://www.instagram.com/stadter,22000,https://www.instagram.com/stadter
a833b58b3decb0d0acc2,Алексей Шишкин. Журналист,stadter,Санкт-Петербург,micro,manual_only,threads,https://www.threads.com/@stadter,2500,https://threadlook.com/profile/stadter
d331842df035b0a5c435,"Алина | лайфстайл контент-креатор, стиль, Петербург",bulaavina,Санкт-Петербург,micro,manual_only,instagram,https://www.instagram.com/bulaavina,41000,https://www.instagram.com/bulaavina
d331842df035b0a5c435,"Алина | лайфстайл контент-креатор, стиль, Петербург",bulaavina,Санкт-Петербург,micro,manual_only,threads,https://www.threads.com/@bulaavina,2500,https://threadlook.com/profile/bulaavina
b591bfa066ad2fc063d2,Анастасия Решетникова,areshetnikova,Санкт-Петербург,micro,manual_only,instagram,https://www.instagram.com/areshetnikova,93000,https://www.instagram.com/areshetnikova
b591bfa066ad2fc063d2,Анастасия Решетникова,areshetnikova,Санкт-Петербург,micro,manual_only,threads,https://www.threads.com/@areshetnikova,424,https://threadlook.com/profile/areshetnikova
b591bfa066ad2fc063d2,Анастасия Решетникова,areshetnikova,Санкт-Петербург,micro,manual_only,tiktok,https://www.tiktok.com/@areshetnikova,,https://www.tiktok.com/@areshetnikova
4f6438017fe4c9537d42,ариша. маркетинг и креатив,picturishka,Санкт-Петербург,micro,manual_only,instagram,https://www.instagram.com/picturishka,50000,https://www.instagram.com/picturishka
4f6438017fe4c9537d42,ариша. маркетинг и креатив,picturishka,Санкт-Петербург,micro,manual_only,tiktok,https://www.tiktok.com/@picturishka,,https://www.tiktok.com/@picturishka
c19aad47ca7256776036,Важный человек,vlad_pitergid,Санкт-Петербург,nano,manual_only,instagram,https://www.instagram.com/vlad_pitergid,48,https://www.instagram.com/vlad_pitergid
04a53d4bfb85436b78a8,Витражи в России,provitroart,Санкт-Петербург,nano,manual_only,instagram,https://www.instagram.com/provitroart,1439,https://www.instagram.com/provitroart
2da78a1c5134ffb1ea2e,ДИАНА | HIGH HEELS | ACRO HEELS | КОЛПИНО | САНКТ-ПЕТЕРБУРГ,sinitsuna.di,Санкт-Петербург,micro,manual_only,instagram,https://www.instagram.com/sinitsuna.di,80000,https://www.instagram.com/sinitsuna.di
2da78a1c5134ffb1ea2e,ДИАНА | HIGH HEELS | ACRO HEELS | КОЛПИНО | САНКТ-ПЕТЕРБУРГ,sinitsuna.di,Санкт-Петербург,micro,manual_only,threads,https://www.threads.com/@sinitsuna.di,933,https://threadlook.com/profile/sinitsuna.di
2da78a1c5134ffb1ea2e,ДИАНА | HIGH HEELS | ACRO HEELS | КОЛПИНО | САНКТ-ПЕТЕРБУРГ,sinitsuna.di,Санкт-Петербург,micro,manual_only,tiktok,https://www.tiktok.com/@sinitsuna.di,,https://www.tiktok.com/@sinitsuna.di
e9a71cd76da60f831d61,"жизнь в сталинке, ремонт в старом фонде и непарадный Петербург",stalinka_na_chernoi,Санкт-Петербург,micro,manual_only,instagram,https://www.instagram.com/stalinka_na_chernoi,77000,https://www.instagram.com/stalinka_na_chernoi
02fda18d9c491b5b5914,Ия Гаас | ссать и делать,gaas_mi,Санкт-Петербург,micro,manual_only,instagram,https://www.instagram.com/gaas_mi,97000,https://www.instagram.com/gaas_mi
02fda18d9c491b5b5914,Ия Гаас | ссать и делать,gaas_mi,Санкт-Петербург,micro,manual_only,threads,https://www.threads.com/@gaas_mi,12600,https://threadlook.com/profile/gaas_mi
02fda18d9c491b5b5914,Ия Гаас | ссать и делать,gaas_mi,Санкт-Петербург,micro,manual_only,tiktok,https://www.tiktok.com/@gaas_mi,,https://www.tiktok.com/@gaas_mi
64a50033833053ca1561,Ксюша Сидорина aka метлахтайл,mettlachtile,Санкт-Петербург,micro,manual_only,instagram,https://www.instagram.com/mettlachtile,81000,https://www.instagram.com/mettlachtile
64a50033833053ca1561,Ксюша Сидорина aka метлахтайл,mettlachtile,Санкт-Петербург,micro,manual_only,threads,https://www.threads.com/@mettlachtile,6800,https://threadlook.com/profile/mettlachtile
64a50033833053ca1561,Ксюша Сидорина aka метлахтайл,mettlachtile,Санкт-Петербург,micro,manual_only,tiktok,https://www.tiktok.com/@mettlachtile,,https://www.tiktok.com/@mettlachtile
1ea2d2332b00ed9a78d3,Лёля Такси 👑 LЁLYA 🐯,olechechkin,Санкт-Петербург,micro,manual_only,instagram,https://www.instagram.com/olechechkin,82000,https://www.instagram.com/olechechkin
1ea2d2332b00ed9a78d3,Лёля Такси 👑 LЁLYA 🐯,olechechkin,Санкт-Петербург,micro,manual_only,threads,https://www.threads.com/@olechechkin,4200,https://threadlook.com/profile/olechechkin
1ea2d2332b00ed9a78d3,Лёля Такси 👑 LЁLYA 🐯,olechechkin,Санкт-Петербург,micro,manual_only,tiktok,https://www.tiktok.com/@olechechkin,,https://www.tiktok.com/@olechechkin
1429b16edfbc4eedcee2,"Лероша Пéкур ✱ reels, лайфстайл, приколы :)",pekur.v,Санкт-Петербург,micro,manual_only,instagram,https://www.instagram.com/pekur.v,32000,https://www.instagram.com/pekur.v
1429b16edfbc4eedcee2,"Лероша Пéкур ✱ reels, лайфстайл, приколы :)",pekur.v,Санкт-Петербург,micro,manual_only,threads,https://www.threads.com/@pekur.v,2400,https://threadlook.com/profile/pekur.v
64d23fa9788c01f2de06,Люда Горгуца,old_apartment,Санкт-Петербург,micro,manual_only,instagram,https://www.instagram.com/old_apartment,33000,https://www.instagram.com/old_apartment
6227f7f170077a0cafd7,Настасья - блогер • модель • lifestyle influencer 📍Москва/Спб,ask_nastasia,Санкт-Петербург,micro,advertising_contact,instagram,https://www.instagram.com/ask_nastasia,92000,https://www.instagram.com/ask_nastasia
6227f7f170077a0cafd7,Настасья - блогер • модель • lifestyle influencer 📍Москва/Спб,ask_nastasia,Санкт-Петербург,micro,advertising_contact,threads,https://www.threads.com/@ask_nastasia,4400,https://threadlook.com/profile/ask_nastasia
6227f7f170077a0cafd7,Настасья - блогер • модель • lifestyle influencer 📍Москва/Спб,ask_nastasia,Санкт-Петербург,micro,advertising_contact,tiktok,https://www.tiktok.com/@ask_nastasia,,https://www.tiktok.com/@ask_nastasia
3909121d9ab9a09f9d4f,Ника о бережном отношении к старому фонду,details_spb,Санкт-Петербург,micro,manual_only,instagram,https://www.instagram.com/details_spb,14000,https://www.instagram.com/details_spb
3909121d9ab9a09f9d4f,Ника о бережном отношении к старому фонду,details_spb,Санкт-Петербург,micro,manual_only,threads,https://www.threads.com/@details_spb,1500,https://threadlook.com/profile/details_spb
c764011af635f82a054f,Никита | изучаю дореволюционную одежду,historycostume,Санкт-Петербург,micro,manual_only,instagram,https://www.instagram.com/historycostume,13000,https://www.instagram.com/historycostume
7248dc342d317b6106cc,Про Питер и путешествия,kotlet,Санкт-Петербург,micro,manual_only,instagram,https://www.instagram.com/kotlet,33000,https://www.instagram.com/kotlet
7248dc342d317b6106cc,Про Питер и путешествия,kotlet,Санкт-Петербург,micro,manual_only,threads,https://www.threads.com/@kotlet,23300,https://threadlook.com/profile/kotlet
88ae8328a01be20b1c36,Сергей Макаров,sergeygokk,Санкт-Петербург,micro,manual_only,instagram,https://www.instagram.com/sergeygokk,45000,https://www.instagram.com/sergeygokk
4af5adddb95090ddccf4,Таня ✶ fashion influencer ✶ ugc-контент ✶ Питер,miniiriba,Санкт-Петербург,micro,advertising_contact,instagram,https://www.instagram.com/miniiriba,35000,https://www.instagram.com/miniiriba
4af5adddb95090ddccf4,Таня ✶ fashion influencer ✶ ugc-контент ✶ Питер,miniiriba,Санкт-Петербург,micro,advertising_contact,threads,https://www.threads.com/@miniiriba,2900,https://threadlook.com/profile/miniiriba
c38b2ecb9a99142f1f86,Таша Тейл,tashatale,Санкт-Петербург,mid,manual_only,instagram,https://www.instagram.com/tashatale,160000,https://www.instagram.com/tashatale
c38b2ecb9a99142f1f86,Таша Тейл,tashatale,Санкт-Петербург,mid,manual_only,threads,https://www.threads.com/@tashatale,8200,https://threadlook.com/profile/tashatale
7147e7189322fb0036ad,Тут жизнь и Лера🎠,tut_lera,Санкт-Петербург,micro,manual_only,instagram,https://www.instagram.com/tut_lera,89000,https://www.instagram.com/tut_lera
7147e7189322fb0036ad,Тут жизнь и Лера🎠,tut_lera,Санкт-Петербург,micro,manual_only,tiktok,https://www.tiktok.com/@tut_lera,,https://www.tiktok.com/@tut_lera
