package	sha256	path
runtime_nonroot	889a1abaa39ed740bcd53d5a31234ac5b1ab911666d71b1780a0092d120b13fc	Dockerfile
runtime_nonroot	154afee285fafecf92d656fb193edaed3bcf90eea3916095cf536986bc3738cc	Dockerfile.telegram
backend_security	9615b5ea26a5fb21e50d155bd80e2b2421dd286f4dcacf28bab375f39b66cda3	requirements.txt
backend_security	aef54ee86f65453c1dc0756f71546b4bdf85dbcc6c240d846fdfa25d1f7facb2	src/core/html_head.py
backend_security	2fc865145d68418f33bc03655c085512875598f1d0a3b7e01d4987167a5dd5dd	src/core/outbound_network.py
backend_security	068ea5e98f18938246eda79ee944b9578d262d8284f12738afea9f5884757563	src/core/security_headers.py
backend_security	7de6e62eb201a85cc931c8637f7dd9c5cc2fd987718ca18bbadea163f19aa5ce	src/legacy_routes/core_public.py
backend_security	06ef80e3326c8e877d2c77ea91b0d8b5d0e78a9bd6f580062a593833633aa3a9	src/api/wordstat_api.py
backend_security	99119634dcf1fc0c78b40cfa1069d156c83d7b1f4c6dea1255ee5367eef3e11a	src/services/agent_source_ingestion.py
backend_security	e76f55f2198b1766f64beafbf3f191a67515aaa13aeb56b879305350774354ee	src/services/contact_intelligence_service.py
backend_security	2e67412d567b83ede1424bdaa09e5ea953b3b54cee303ecb5f5fd1f7456b2151	src/services/gigachat_client.py
backend_security	4b3197ddd2a03fc77b8c235313b5a4a12e23d1a629b1b911184bb8228736f4e8	src/services/outreach_personalization_ai.py
backend_security	ccafa8ebefa738c9d9dad2ecce9c7b465543baeaedf4ad532a614ba3511d8777	src/services/outreach_reply_tracking_service.py
backend_security	d9377fe711348c03b047840f6338338c16a0c54a6ef680012b7bbc8c705ac5b5	src/services/yandex_xml_parser.py
frontend_source	6417893a5f4e01c9df23261e12ddb5073cf5f100d4b0365b0acaaa3b97889c80	frontend/src/components/AddMetricModal.tsx
frontend_source	3d78fd3987da7e4d6f4712df4d2525ffe8cdcb5186be518a4441537e1a8cde36	frontend/src/components/business/BusinessHealthWidget/hooks/useBusinessHealth.ts
frontend_source	7d364151b7c9a85e4aa3c55b5caa19e651245484982ed4bdab872e114aa6949d	frontend/src/components/CreateBusinessModal.tsx
frontend_source	25cd036d773321cad505bdadc5221da7c8955a4d42b4757066ebfd50ecf6ce3b	frontend/src/components/dashboard/dashboardData.ts
frontend_source	d4355865eab4549518212304c475209a08cfef607d2bcdb4d930cf89c9d9515a	frontend/src/components/dashboard/DashboardSections.tsx
frontend_source	869fde8b6d2e4965a9d35e987a818506e83d9fa8bf38fa88afa03fa4b0551104	frontend/src/components/DashboardHeader.tsx
frontend_source	574b0bf5662e3419ba900b03682e3a5e9f27be94d845511c8a8315afaf6895bc	frontend/src/components/DashboardSidebar.tsx
frontend_source	55f619bf9be97e33716de2a92a60085ef4acfa8eb89fef5e0183ed49fb89e3be	frontend/src/components/FinanceCrmPanel.tsx
frontend_source	35f62a3b640b95c6a687d83f7866655a85ca52e7fe819dd10afa60c220aec58e	frontend/src/components/FinanceFirstStep.tsx
frontend_source	c1904238baa75c110fdcadbc044c25a6d956f9989e4a9aa1deb557cd6c6bafdc	frontend/src/components/FinanceImportPanel.tsx
frontend_source	91d2d4299e387fb273f6eeac7666e462b6ed83354ec5a777d4492939430752f0	frontend/src/components/FinanceThresholdsPanel.tsx
frontend_source	840bc809c6d4213102dfdcc88eb3cc2cff68bfe6622b22c0dcd72b6c0c9468f9	frontend/src/components/FinancialMetrics.tsx
frontend_source	7df9a74fa55929ebb3f458dac5528822e68a784f7c356abaab4a99266a00ef4e	frontend/src/components/MetricsHistoryCharts.tsx
frontend_source	17c633bcffdc6ff1f6c5cfde97a1e608b0f09c85a9b356ccc6d946f4578a6840	frontend/src/components/NetworkDashboard.tsx
frontend_source	d4ff852b4092156e132da9dba2a299e2d049383b4e4073fc27ce8109aec8fc84	frontend/src/components/NetworkManagement.tsx
frontend_source	b67823d300a26b0561fc38465f70ffdb049515068655c6966a23f0d8beda2169	frontend/src/components/NetworkSwitcher.tsx
frontend_source	d9ab3ae4f42f13be63635bbd14cd2637e7c049e6c463408ee7b9f4b00fc723c1	frontend/src/components/NetworkXMLImport.tsx
frontend_source	ef41d050925f7eb39ea71e93cc3687ea86906539a800b139eb2666bcb83dfdd3	frontend/src/components/NewsGenerator.tsx
frontend_source	a454e1161419f6874795b58bc483c2e329ec0f8e34e1fe4dc7804814df1aabff	frontend/src/components/OpenClawOutboxMetrics.tsx
frontend_source	3e8c6093f08e1766c33824c0c83a4c3d147a164aba0eca1c8caddbc15f2b3040	frontend/src/components/ROICalculator.tsx
frontend_source	86c78a60932c5993b5554095f181324451e01e30c271f14f40a2145b464caf87	frontend/src/components/SEOKeywordsTab.tsx
frontend_source	fcd82c91dd2c329b60c05c7eb19695497a5439680ca4550c6ae367ffa2b4df83	frontend/src/components/ServiceOptimizer.tsx
frontend_source	bc83408d8312efba9a023fd9787c7724c6e83badd0f918b69fd0cf1a452bae21	frontend/src/components/SubscriptionManagement.tsx
frontend_source	a2a2d9e9c9075941b600964fe41ca42273dbe3018559059fbc4f9c677f94301d	frontend/src/components/TelegramBotCredentials.tsx
frontend_source	dfebe03d39aa09f276a90f72139873bc90a104b25b873fc1a04e8ff73a97ef29	frontend/src/components/TelegramConnection.tsx
frontend_source	67ec8e39f52aab89bec1b061ee45009aafe99d36bb6300cdcdc602be085fe229	frontend/src/components/TransactionForm.tsx
frontend_source	e70e90f9ce2928edf2fc09d3db5fe04be9afa6616bd80d3b154d148c0fd46290	frontend/src/components/TransactionTable.tsx
frontend_source	89704669452c035773545352358ad589d5c27460212d3b00bc43b6dae3bf2867	frontend/src/components/UserTokenUsageSummary.tsx
frontend_source	b024bf011e2ec4233cade2e3b4d478b8915174101cdd94fd253f92c9f5999f72	frontend/src/components/WABACredentials.tsx
frontend_source	9232d394ab7e28dd62354d64819e1a50e06a3da43df0e1808569b0908c4ee172	frontend/src/components/WhatsAppConnection.tsx
frontend_source	4a142c698f8f875bb7d4655fb7bbc95a831631e3548ef90b7532d3526c2f38ea	frontend/src/features/influencers/InfluencerCreatorCard.tsx
frontend_source	21d442d049890b3224c5dd8736df3a7c1ee69de7af3e7e59af8b344bd3cc96b5	frontend/src/hooks/useApiData.ts
frontend_source	76c37be50003dd84ff0632da51d3c52b7d22cdb2c74e0a1c39ee699938b8a971	frontend/src/i18n/dashboardShellCopy.ts
frontend_source	e2e5b7b148a621ba67d9ce00c600f11c018d2e06d38a69ed1a44ec2f6fed7fcd	frontend/src/index.css
frontend_source	34873d21c169a0a87ce6269b8aa07cf363f2678593b4d4ab4b0349a2f03ce494	frontend/src/lib/auth_new.ts
frontend_source	f4f3d609f4b00f41a4a1b3edf29f57c99fdfa4936d813268393a7a54a08a8e39	frontend/src/lib/browserSessionFetch.ts
frontend_source	63752fe1c0ec33dcc18fdec24d7424342f549b5b8833e791d44097f0c33c7f62	frontend/src/lib/leadJourney.ts
frontend_source	6fbede398980388a464d43fc3c1fcdf753f7ae42fdfc1ace746083dd896ba2c9	frontend/src/lib/productEvents.ts
frontend_source	3fa0d317eb318d47c087e9de3a2243f9303127b426e79d0216b3c342d8506819	frontend/src/pages/dashboard/agents/view.tsx
frontend_source	c204a1452f854389b1f7e4f9ef315c22d04adeda5ebb08b048cb9e11c37bbc41	frontend/src/pages/dashboard/ContentPage.tsx
frontend_source	fcca7fbc0271eed2b575f97cfbd6398717b934e89d7fd646d0c0630d7b3537b3	frontend/src/pages/dashboard/GrowthPathsPage.tsx
frontend_source	8cb20e3178d66fd32b4cdf1567968583d9640ff0523151dd97bf061ea27acebc	frontend/src/pages/dashboard/InfluencersPage.tsx
frontend_source	d819b37da162523a3a725f67128d989b1ca2da0529cdff3166c3439b6ac67cfd	frontend/src/pages/dashboard/network/NetworkDashboardPage.tsx
frontend_source	c3544b06bd86c2813c5a516d28488c7d2a9165848f51331f33a44e5473b49e13	frontend/src/pages/dashboard/PartnershipSearchPage.tsx
frontend_source	1237e1fadaf748f52b8b296dce61c4c132a1f7970d190db932cc7a2574cb23fd	frontend/src/pages/dashboard/ProfilePage.tsx
frontend_source	8448cadae3cf205014df359634444626412e4e0d2e8c3461917e233dd8df79ec	frontend/src/pages/dashboard/settings/IntegrationsPageV3.tsx
frontend_source	73d1a5ec6ebc1571c792aef6ac65977deec5c1792298b8804e9f8cc2cfffa0dd	frontend/src/pages/dashboard/settings/SettingsHubPage.tsx
frontend_source	8b2595d41236d6ee36e8bb43e9827e18dbc61eb2613b1089ed7dd692b391bac5	frontend/src/pages/Sprint.tsx
frontend_source	8990795df5480bd5d0b83a0cd655d4f4df96998031ddfeca55ccbb95e2fd9b80	frontend/src/pages/YclientsConnect.tsx
frontend_dist	d24a4375dde1387c76fc66381238e4fc104ad794dfe865be67c2078b71675d78	frontend/dist/assets/AIChatPromotionPage-BZ_pZpOA.js
frontend_dist	da4aa026676d8294c3662bb6a3410dbd54acbf38dd7e809f4a40619865683b61	frontend/dist/assets/About-CUiHScmQ.js
frontend_dist	44f76b9f21a24489952299dfd2e53ffbc0c3f6a7063b023754c9bc4b756a070e	frontend/dist/assets/AccessBoundary-BpC_apJE.js
frontend_dist	8e647160bac1516018b3bbc02169de6751c1a561a54c14c0c918c006e34a9506	frontend/dist/assets/AdminPage-Cgy8xBlh.js
frontend_dist	065fe68152c901e09fb568d5a962e08dab7b84e5a52c08a66eaeef6f2a9ca8b0	frontend/dist/assets/AgentApiManagement-BGeQxrrX.js
frontend_dist	25d7cd602dced8356ae841122c7e611dca704f2cfd9691a6178ad9f055131e2e	frontend/dist/assets/AgentBlueprintsPage-CDBaQfBr.js
frontend_dist	68e35a21b51d38bde77eb89c0aab742ce840f5599271da5ca6e0c1ac6ac7107a	frontend/dist/assets/ArticleDetailPage-DV6lQ6B1.js
frontend_dist	eb96f9e3bc12762e10b197383bbd9ef4a1a27c08eb40f0158bb34a433e9bee68	frontend/dist/assets/ArticlesPage--3agMdxT.js
frontend_dist	e4c3f0427403fdf893d82572e48194f818b9acb84624189eab09d2c331436705	frontend/dist/assets/AuditDisplayPrimitives-DN7k2xTo.js
frontend_dist	0cf9b9ce50f9284637e240892a7bb807b8d91c9b24a094248ff3afce662fc61d	frontend/dist/assets/AverageTicketPage-LvrYNo2x.js
frontend_dist	bcd41beef684460da1cbd366b5afbf45721e7b3f82cec4793f4a740c41108541	frontend/dist/assets/BusinessSwitcher-61q5Ys7j.js
frontend_dist	5a3ff05de5c99d14863884df7dfa21b39a9cabed00f2d3d7b3394407ff5c69a0	frontend/dist/assets/CardOverviewPage-CX76M81C.js
frontend_dist	2c14e146ad74081bce2afc01e8320c3e82b8f2e3ceb68219a63705a213a38a69	frontend/dist/assets/CardRecommendations-BZZ5CxS1.js
frontend_dist	7fe6a8f7290eab8217ecb45e0bed1a4ffd267634c7aba55dc7c45a8d9f0285dd	frontend/dist/assets/CaseDetailPage-Bf2W1qU6.js
frontend_dist	ddfb8eb97b6b978ee889d82328d1ba2c81f78eec833d139eca8da58257c95eb7	frontend/dist/assets/CasesPage-COdlkeQz.js
frontend_dist	b43933650c92a1df5a50fb5e9dd03167a597e8aa313a2e73e49a100b8ade5442	frontend/dist/assets/ChatsPage-Dxm1S0d4.js
frontend_dist	0658deaf91af70cbe38f62c6782c6d3bc29668a88e9e1c65e8c3e5813099fea6	frontend/dist/assets/CheckoutReturn-BftVJhZN.js
frontend_dist	825170d134dee9a33819a30e53b09e88956842c4324bbf5bebc97626f5647e5f	frontend/dist/assets/CommunityFeedPage-D2TbODqz.js
frontend_dist	ba0390afe2373e2179ca959121e9e7d8b95f85e8b51575456b30048342e1fec7	frontend/dist/assets/CompanyRegistry-B9xjuUPG.js
frontend_dist	68672b17a2329758c2ba67a34f62a1d06b3f934c5f5d48fbc0c425adaece4710	frontend/dist/assets/Contact-BlPdvXQD.js
frontend_dist	f750a642fd84ea6af97b6ed1e2355c2bc63ce9ec8b0c40bf7ed9671d26399d1b	frontend/dist/assets/ContentPage-CG5m_U-K.js
frontend_dist	6c20553c0026017cffeccefae3100abe231cec563547342775b48c609513722e	frontend/dist/assets/ContentShared-CIZ7mEIC.js
frontend_dist	451192b312d398290ad0bba8fd1e312bcfd63cf74a19abb26da2f456373748e5	frontend/dist/assets/CreatorRoomPage-Dk0o0OcQ.js
frontend_dist	35acbd88070b120bb1ba6e6a350f79028f6401f9becfaa4073dc103e367c2557	frontend/dist/assets/CrmIntegrationRequestsAdmin-zFsKu_Fs.js
frontend_dist	302d6394b9b848cc254111078562947ddd93e0d81788ef2f7312361693982e4a	frontend/dist/assets/Dashboard-DQt7dZUL.js
frontend_dist	f9b57ad2877acfbc71c4ed1ed75eb62e9bf1120b8d5a83d5e78352cad15f55d1	frontend/dist/assets/DashboardLayout-DR1ifPUF.js
frontend_dist	4900a1ea426ee8e1c0e52e8dd39bc6de8658955f903cdbd7f642d8ec8b067264	frontend/dist/assets/DashboardPrimitives-pE5CSgSS.js
frontend_dist	6c8d3052ffa84f5f1ab52b89dd40aefaa24f9f0d5911195af80115643b4d5006	frontend/dist/assets/DemoEntryPage-Kg-f38jX.js
frontend_dist	1100fcf4828b4e9da36b0c9ad09eafb683a56ad67981ea9a6704e140cc195b29	frontend/dist/assets/DocsPage-BlxQynM4.js
frontend_dist	ff78d46ae1f1792686e417cc06f4250508a493ca133122a071d80284a0d3b367	frontend/dist/assets/DocumentDetailPage-BXiQ54XI.js
frontend_dist	2ad14ae1c482edb7260e384ddc7b7a5ba2c5408348feba1d653c09269b2afd02	frontend/dist/assets/DocumentsPage-Bxd9_frm.js
frontend_dist	a904e66bc41b06b8be7fbeea1214a7cdfb2d3e872306d26a2f621ab964ad6bc8	frontend/dist/assets/FinancePage-CvZtuvlG.js
frontend_dist	956bd8d60c7e9ea0f552ce8ad4ca27cd260f9f2e18625990fbc4f488fb7fabe5	frontend/dist/assets/Footer-B80kMTai.js
frontend_dist	43ada9544b74875137d2962036d7caabb5ca12c9256fd1b2594e70b9237fe554	frontend/dist/assets/GrowthPathsPage-RuaHku5G.js
frontend_dist	d48cd5f12c13564fe49517c5fccc19783b62ecec1b97c3eb4c28ba19c996fbfa	frontend/dist/assets/Header-FMqZCJVK.js
frontend_dist	83c108dbeeebddd2ad1217320305d744d76852ff573d9180494666a9f5668bc6	frontend/dist/assets/Index-sQ_vQn5f.js
frontend_dist	c79276fd4ed21b75bd1f21d9e4bd6154946cd42977cea6f0508bfd71f404ebcf	frontend/dist/assets/IndustryPatternsManagement-OMcnri5S.js
frontend_dist	16dce512c739421d2cf71b88be5e56239a67b979823a09a366cea59987a5e1a9	frontend/dist/assets/InfluencerCreatorCard-ywAAvZ0I.js
frontend_dist	d99848311effec91fdcd3248ae1f638b8682fe2e0cf8b6216171060fecf92093	frontend/dist/assets/InfluencerPromotionPage-DDqCr9tL.js
frontend_dist	c497f270130a92a4d8e0cf3661adf5a7be3b3b503f30cd993d611bdbb7a03239	frontend/dist/assets/InfluencersPage-DhvZpw38.js
frontend_dist	d08fe2bd347486be598f6410656c80b3647ea34074feb789877eb7d092e63f16	frontend/dist/assets/JourneyAdminPage-CIjqvH7i.js
frontend_dist	6ee50cc8094d46920270e4bd8b080d854ecfebe431726a5623e35c1e7ce0225a	frontend/dist/assets/KnowledgeMarketOverview-CZ2BO9by.js
frontend_dist	580901e921d0cf8011a50cb27c379341a13ee8c2228be9a384df5a1dc427c362	frontend/dist/assets/LanguageSwitcher-pbI4mmRS.js
frontend_dist	d2be35895754b88980bef07219d64cfea21ac5130754e1ee0dc6be4eba3b4833	frontend/dist/assets/LeadJourneyPage-CCNyPxFL.js
frontend_dist	18770e9c931b284679471f58d5743a76bc90f7cd1039f58b2ab9cd82b8e796eb	frontend/dist/assets/Login-CFPr2j_z.js
frontend_dist	eda36428d9becefc968b36c202ee6368281481652dc494bde03b1d59dfe6cfa6	frontend/dist/assets/MorePage-DDbbmG24.js
frontend_dist	9ef455495b7edadc0259a711212e22a48e597134175cd97d04d76f482c8af510	frontend/dist/assets/NetworkDashboardPage-Clxn2JG8.js
frontend_dist	31deba5013538603504112c30f3f2f2ab92d7c7353d387ce68be450d5b9e46df	frontend/dist/assets/NewsGenerator-CtTj9yfE.js
frontend_dist	80169cecc38924ca9dc8540abdc8d441258e002342045561b11a30a13fbc98fc	frontend/dist/assets/NotFound-BHqqLz8Q.js
frontend_dist	9c2accd72f94b09471c212f5f327061d70f5af6c61fa07d7f44cb40f548ddb50	frontend/dist/assets/OperatorPage-DCA2I3yd.js
frontend_dist	f40b6c6d5fc30c29a10f1cb2810c7e061e25f3c15a9f1185f2ac8b371b7513b3	frontend/dist/assets/OutreachDateTimePicker-DUIJxtXR.js
frontend_dist	de01178f4e4348e9477cc56057f5b6ffdf782210c1ffced0022ab30b6020d6d6	frontend/dist/assets/OutreachEmailSetup-B42ZVi4h.js
frontend_dist	b4727ca995da8f43bab8e483ac4da2706f56aca7c6eee09c06f6ab20b69a8047	frontend/dist/assets/OutreachLearningInsights-BEQor74s.js
frontend_dist	2591e484c91b6544a3f0dff3b2ef142d911c1939d592099d1c3e520715faf4d4	frontend/dist/assets/ParsingManagement-CYtnSjfd.js
frontend_dist	9447f5d3fdea908a5d6b81c1a0753424f0df670443433565719a4db870e4dba7	frontend/dist/assets/PartnershipAnalyticsPanels-Cf87xPWk.js
frontend_dist	bcb612d9c5ad5994640d6af2c04ea0c91fe97f0f2f9bd924dcd5305b5657cfd7	frontend/dist/assets/PartnershipLeadDetailDrawer-CfcrUcpM.js
frontend_dist	bbe79d4cbbe0148d8bcd93680987315fe6f8cb78414fb250f2ce294e6ae4181b	frontend/dist/assets/PartnershipSearchPage-D4g1WHvw.js
frontend_dist	fd132b901115d10905ba8e21c9f2abca544f9bb7e22e6ec5e7d09ac5fed8d719	frontend/dist/assets/Policy-C8RfGBf1.js
frontend_dist	9fed4d7b1cfdd637c43e353682620b2a8f1abd9b0899680496a2c15d2c8866fa	frontend/dist/assets/ProfilePage-CM1mn1vp.js
frontend_dist	d914fa9be28d05d0e774f2b201743700f4f8d9aeb4a1a41dc896850e1e2443d3	frontend/dist/assets/ProgressPage-Dj9J7med.js
frontend_dist	92cd52f00b78ff535f21b2c054f4354d3335a5a68f651624399e8086345f0bd0	frontend/dist/assets/PromotionHubPage-j8khR4mW.js
frontend_dist	e79a5aa6e7cf8e9baae01e5a117a8a8fcd489124c4f7dc52e7bdd8b8a3b41bbc	frontend/dist/assets/PromptsManagement-DYdL5oVv.js
frontend_dist	a85746c36cc793a797307e19bba8a60c0cd7af11a5bcce63530868fcb84b24af	frontend/dist/assets/ProxyManagement-Bs2MtyhI.js
frontend_dist	8a7387f410ede1e5d11118b62a4b0abbca305afd496127a88e1ea1ae709c6bec	frontend/dist/assets/PublicPartnershipOfferPage-D1SD5VVT.js
frontend_dist	3ab56e4ba7a43fe949d299bea1af63753059956138b0787ad71f87f6788b2b73	frontend/dist/assets/PublicSalesRoomPage-CL_5hRdS.js
frontend_dist	22e95cb38190d600cfb8311bcc80df1fb69ef2de8f1c4e9e085bd4086f306b9e	frontend/dist/assets/ROICalculator-Ckuyai7x.js
frontend_dist	593176265fd2c6a2e0febee0c3b6ca9058caaa2c74f9ceeb3e97d04c7b182221	frontend/dist/assets/Requisites-CJkQ2Cc2.js
frontend_dist	cdb951afa3030b64ac498d75da7c6d95641c4be56ab31499d92430e731139c33	frontend/dist/assets/SeoMeta-C6T4vr9X.js
frontend_dist	d36800e26efcf58c3dfc547e8dfcb851b859af8ec28d20048bd53c8d2b58a1f6	frontend/dist/assets/ServicePhrases-CtrngNVq.js
frontend_dist	c03658fb81c43abdb561097181a2ad24079f487666a49ecbc1d75ed999df2861	frontend/dist/assets/SetPassword-C90vmYRQ.js
frontend_dist	1f181f689ee6d1c646249e446e019e34f6a8604a497553b4ffcea509394de0a1	frontend/dist/assets/SettingsPage-BkitRecs.js
frontend_dist	acb4814ceea073da6714124f8a3e48c50e7fa4c885073dda983eee2c1f6a4da9	frontend/dist/assets/Sprint-CxhQ-g3x.js
frontend_dist	0f914085f4be0b2f666c767aae771835ba00f92c48f104e12336e4a887b56ff8	frontend/dist/assets/TelegramConnection-BLTr9uL5.js
frontend_dist	a651579a475bc25ff5752d9b13f316a6441f4f2c5f6e7e3dacae4f619ef09a72	frontend/dist/assets/TelegramControlPage-CieZj7W7.js
frontend_dist	2255db2a28f61ff4c5e6f0d40c68bd034553e42aab0a8ce84f04fceb74e4d79a	frontend/dist/assets/TelegramOpportunityRadar-ECHCQpqR.js
frontend_dist	4a7bffd6767d91e04897bbdd54877bcb5329d4c543959e42e6bf3abc5732cc41	frontend/dist/assets/TelegramRadarPage-bhyn67zt.js
frontend_dist	25b259c4b57f45bd9c26f4d9bcb4807dd65544c6a59bfa4944fa30e24cf018a4	frontend/dist/assets/TelegramResearchSetup-DNKoUQNs.js
frontend_dist	f51388afb29c1170326599ef2036f12a58634fd981f43b4bab3e27e0428a679a	frontend/dist/assets/TelegramSourceCatalog-Tjps0Efu.js
frontend_dist	ca0c4853efaf1399455f1815dd32c899e8ef67b1f7f09e729c5591b6f57ff223	frontend/dist/assets/TodayPage-BXsLgvam.js
frontend_dist	ba997320427fe09dfe0b34164e148d738a77ec615dcd1eb668d63063cfff99ee	frontend/dist/assets/TokenUsageStats-bJwcWY8d.js
frontend_dist	404b3391dd0f9a88458764e267b44b77316e940bfcc059ab255b6e1e89e64c8e	frontend/dist/assets/VerifyEmail-Dv3CKV2c.js
frontend_dist	234ada53b44b6bf1b65819edece8392362fed7bfe02d23c50a333b64f017e458	frontend/dist/assets/VeselayaRascheskaOfferPage-CeW2UMrr.js
frontend_dist	7d273cb6cf744ce2224828266a024e0bc88fab483c0aaab6dd20175d329eb1a1	frontend/dist/assets/WebAnalyticsPage-iTj48sFm.js
frontend_dist	c5c4e470cd74956996f1e6c55533f4f016c287ea7a2a2b560da6d6081346adb3	frontend/dist/assets/WebTrackingDiagnostics-CU34GVPy.js
frontend_dist	15fa2d2975e5c31e511b58b8ecde5ea4755743a149ad3814972bf61a142c9205	frontend/dist/assets/WizardYandex-BG3FnS5c.js
frontend_dist	4235e7d781b90c372b9396dda19960e0080c6a80d20182ebc466b285c9ccdf4a	frontend/dist/assets/YclientsConnect-DdhTNkr-.js
frontend_dist	7c443ded7896d86133cb7cb0d94171c8a017cf8c1991753a064cf35cc5fffad4	frontend/dist/assets/api-DhMBJwC7.js
frontend_dist	298908ed8628f608575dfeb5b02f33dc6ceb292fb1bf64162ff963da467ecd14	frontend/dist/assets/ar-BGyZGYDb.js
frontend_dist	9be84cf62390773664bf85c8fc276816bbfa17b034224a47437b3683b570b37b	frontend/dist/assets/ar-I1Um7AV3.js
frontend_dist	cb1fbc134098704a146b268b1ef4838976b664e3893d6a3ac7a7556422652b96	frontend/dist/assets/badge-CFq6UvCx.js
frontend_dist	474fc84afd832a9fb8756b2aafa73cacd651e8c95c04e29831f03015d3562fdf	frontend/dist/assets/calendar-BcC82rg1.js
frontend_dist	1f22ba5bf80c52a049719ead25e420b1339b9e4acb88fd278ba8c83ff3ede016	frontend/dist/assets/card-CJdEBvW0.js
frontend_dist	d4f4a9c83bec7d6059e37e8a814f243c7209ec12f553bbbe29cda9f599b2c6d5	frontend/dist/assets/cases-ar-DPffn3zI.js
frontend_dist	5be7f7d16a1b1ee3daa7380e749d3881f8dc5baa8ef4c7f9a4b7478a1b834792	frontend/dist/assets/cases-de-CMss5ZD9.js
frontend_dist	325262d86d3ef536cccdc29e276bee0e6b84bbb7739bfed3732a7da574a110d7	frontend/dist/assets/cases-el-C1rcoN-e.js
frontend_dist	0e1d24d46da79bad39f94ae27ba485231523a484e80dcbe60a10e49ddce72211	frontend/dist/assets/cases-en-p1ydcp1f.js
frontend_dist	eeb2f3d98fec4680010b49ab10a0e29242942245a4d8e69cdcbbd768f983cd30	frontend/dist/assets/cases-es-CAu76F3A.js
frontend_dist	6a5ec483917fab26c8695812e001f0c3415c0defd8d31e19fbe6655da40f984d	frontend/dist/assets/cases-fr-CnsqlBvL.js
frontend_dist	27b1bb67739790a37bd2905ce4521b4675decce21a940cdc0af98dfd16b51fd5	frontend/dist/assets/cases-ha-CDCAkWIr.js
frontend_dist	a808e1070d6816294668f3074ecc9bc3132f8868810af1dadae492d179634243	frontend/dist/assets/cases-th-BKobpqAf.js
frontend_dist	b271780c8ed5773879eb244f37bfa6cabaf41a6d1dcb3b70612ef26d76942efe	frontend/dist/assets/cases-tr-BGOaMft0.js
frontend_dist	a88426bf1a77887098aa594f2b8abc31af17e239c08953c38dad72e9d2faa77e	frontend/dist/assets/charts-CuWeVSly.js
frontend_dist	e2dbe5c722ef533033998c96c80580c91049d3fcf63481bb37f74811d69dbafa	frontend/dist/assets/checkbox-BiKZLjNJ.js
frontend_dist	8c36f615db0fc418a278504d3ac72c895d5796440673d4dc240f6a11fd0dadb1	frontend/dist/assets/collectionCopy-9ZoKkGhT.js
frontend_dist	29fd45b6ead4a3ff107975e55abe2035b62928c56fc6095b3e03c4eb7259d428	frontend/dist/assets/communityFeed-hSmPD_ji.js
frontend_dist	9ccac055710ca12b2d38a3380ca6e8aa7b74cb26b02b85f0d8f1e41210bf6574	frontend/dist/assets/contentCopy-DLeRlqk1.js
frontend_dist	873e2525e3aa6585ff743f1d6a22439328a6fd9fd151542fc3234eb147007264	frontend/dist/assets/de-psuOXfV1.js
frontend_dist	2f4aa07e87b2e5b1582ce1a725ce6154aa1bf88a52f5387f2a2c7a78f12252da	frontend/dist/assets/de-tqQs1WWa.js
frontend_dist	d2d73b822887d43f36d7f5bb57cb4a1f41e3776ac8d608287ac6a2543ab88c7b	frontend/dist/assets/demoWorkspaceCopy-Co2A1ASv.js
frontend_dist	745142d094d706febc608741aae28b1493f91e9400c0ea77dcbb6bd7371d49a3	frontend/dist/assets/design-tokens-DbXOsBP0.js
frontend_dist	fa6ddab3517735c7e5664f27d6c5aa7807e5417482972f9da13d6ede8a3a31d4	frontend/dist/assets/dialog-CJba8l5_.js
frontend_dist	4b62b684ae177cef96fca9d1e1aedbe54947ef5a0015b90f121e5ea5193e9f37	frontend/dist/assets/documents-de-C3kCfd33.js
frontend_dist	d36383d5030d73a418a0ed790f5d73e3e3da5bf54771bd4d159910d9e4b20662	frontend/dist/assets/documents-el-DolNcyLz.js
frontend_dist	8efafd99aa0b0de641fcc7b24a0058ec6d8ba42fc7c487f78a3e67eea74e0104	frontend/dist/assets/documents-en-CN5PaEMB.js
frontend_dist	4908bd79f38f53692448f9ea76b837297a80fe89f78dabec4e4f349bd59877f7	frontend/dist/assets/documents-es-CKMXECok.js
frontend_dist	8aa6e9217affb6d510dc0bc6e0b80da2ad90e445911458616a01ce7791553a7f	frontend/dist/assets/documents-fr-BFo96zkV.js
frontend_dist	f2c29448ed370ee7a147f71793b13944d672f00baeb857f0ab33208f343beec1	frontend/dist/assets/documents-tr-CepUw6kU.js
frontend_dist	9796e2e9debbb490113824d6c3ac60be5797365c7c988229f417912a29451447	frontend/dist/assets/el-BYtXvgOf.js
frontend_dist	2b51e54ab519f74f2a3a645a9db93e4ac69220b9e780eca93c98842f761942ce	frontend/dist/assets/el-GmjC6k1h.js
frontend_dist	0a4b328b1e4435bf2b2c28f04924076cd49c440dc134d249439618d9d31a88aa	frontend/dist/assets/en-CMGBb-mc.js
frontend_dist	c3ede858e806b0b1d54b7b8487da1861358d3f841d53735d61bc39e539f43f2a	frontend/dist/assets/en-Dy64bY2Y.js
frontend_dist	ffe15c3d6b6455a1597fbeec76ecd7d2b204ab73539ffcd0b5fabaf45012b2cb	frontend/dist/assets/es-1YJ7Rb_q.js
frontend_dist	8def22175df3188cbf83eba7bd335cdf15f6750ca6e667b64747414391e4d53f	frontend/dist/assets/es-DaiNlX5u.js
frontend_dist	f9e8930cf61fbaf7a7e0eb19bae3a943117a7e94beb59ae74c2624f60b4e5275	frontend/dist/assets/featureFlags-DDLjb09Y.js
frontend_dist	b82c795270a136c3fc30b91d55b7c286abf74fb867dee4b5a197a07a976de50f	frontend/dist/assets/fr-B3Cy9MoK.js
frontend_dist	0e06f25451751ae25ec425139596acc9610497d81f0000577fd3b2bdf58d69f2	frontend/dist/assets/fr-CJHYV46j.js
frontend_dist	5b91cc60ea74e8bdf3238354d20bf4f0469a0b0c11eb170428684547aab0471a	frontend/dist/assets/guidedTourCopy-DbgR4jNX.js
frontend_dist	964ae11c79aee6620660d53c5952c5688695d1545fc64373003448abde3e8f1b	frontend/dist/assets/ha-BvuiNXS5.js
frontend_dist	3d10a356ab946cce3515a318c7815ff88b8b8acad47fb092f618c99f9a4a7b8a	frontend/dist/assets/ha-CkDxvUpm.js
frontend_dist	53fad38453f9aca05071d747f4eb17b7823ca7e16bfe18e4d5407a3f409112bf	frontend/dist/assets/icons-DlSB_o-v.js
frontend_dist	5e99f6a91b54bf0af8f58555bd0a9b7324934167815478996a9e1ac83e1334aa	frontend/dist/assets/index-DFJBKIej.css
frontend_dist	5ae3ac50ca2839ccc8f3384a04bbbd3c281e1ab537aebaa30567e5330a9e5a2a	frontend/dist/assets/index-DVCbSrRm.js
frontend_dist	267858f32e4cb9ad28085a9bab20ac8760adb810169dec8b55b4f24b3d7821b7	frontend/dist/assets/label-BtspwQAH.js
frontend_dist	953523726542a365ec17b6b4143c72803ee180f4efa30d792aefd0ec9bcda023	frontend/dist/assets/logo-BY03Vnee.png
frontend_dist	ac5275b9ddca318788af45b00da37cb836739af5f0c26c938e3061d4c8077360	frontend/dist/assets/logo-DEeOMDDZ.js
frontend_dist	f0c093fb20526424d3910a0fc6223e7829d1eca49a171fa4924169bfec52e39e	frontend/dist/assets/maps-D8jDyAgV.js
frontend_dist	48cc21cd8c343a47fe40a95570a48bcac89ed307c49c42240ceb6794630a5bd2	frontend/dist/assets/motion-Dp9-yeNw.js
frontend_dist	ac748b405cc535bc79901afab34e3522092c98ab78ba14aa85e593fcd8874d3b	frontend/dist/assets/networkRepresentative-CRdnvs4A.js
frontend_dist	27f0ab30499f25d6773686093efbf3fd6e742221022ede34cee2235e2c89e8c1	frontend/dist/assets/operatorPageCopy-BWWutpuB.js
frontend_dist	6e4fec93ab1c31773e13b32b3fa6819e3f0b59091672007de47804f35e36d82a	frontend/dist/assets/popover-DC2-rJE4.js
frontend_dist	67683fd7b16ad1c015d65810ee7fc4a2febe35787f33593cb317e19b01931c5f	frontend/dist/assets/productEvents-C2iliUX2.js
frontend_dist	91f209dbe476feedabca77a41769862fcc80ff2c3bf5ac4ad6f407a76c89c10f	frontend/dist/assets/progress-BPfEVqxl.js
frontend_dist	107fee55069597e20a5fb31d794217c8840ff29c34f3d3f6a92db0bda66454a5	frontend/dist/assets/progressPageCopy-B5iJTfS0.js
frontend_dist	d4d8a7a8da0e74787181451ec006d825bff6a133720f70e85d2cc94e494647f4	frontend/dist/assets/query-BFlJ_myW.js
frontend_dist	7a4160fde4228f7d34b907b3880e7d934ed0b4b243b234fe9d0f571c2341c9b4	frontend/dist/assets/router-L_3J1jHt.js
frontend_dist	823fa5c454c833f1d27da58f8ad0ad0a0ac0c2fc7f9edeb46e12ab2e24e05b34	frontend/dist/assets/ru-BzrnWu5x.js
frontend_dist	4838afce04fadfd91d522675371f9fa4bdb9172b0c8caf20c1de20f83fcb038e	frontend/dist/assets/sheet-CpF488Jn.js
frontend_dist	b01bb5934eaaa73079f9ad5909aca821f0e506526d1422c1d65e172868ea8b0b	frontend/dist/assets/sticky-bottom-horizontal-scrollbar-rTkjwk0l.js
frontend_dist	2f397ab6169dfed78f0c1d2e9aff9b3966284a9380954c5fbfa8a16d6d3a392f	frontend/dist/assets/subscriptionAccess-DZ6Q6a_P.js
frontend_dist	7070135ae4c1a15ccc7198d4ff884a32c1b3e39faeee2039c57933f6a3c6649d	frontend/dist/assets/switch-BrtFeQVq.js
frontend_dist	b1ead9ffb7464311b62906d12ee9cb7d728639e3a10974f6182ae0cf8d3cd599	frontend/dist/assets/table-C0LcqmZe.js
frontend_dist	80a13f5ea5fded621a539391c2ac48e58355464ac1a23a8b6a3a0f0fdfb3885d	frontend/dist/assets/tabs-BN_bCN_d.js
frontend_dist	e4a6e9eb4b9930a546ef3b492cc57de5b756f1ea2661c06fb018a4bc26ed76d6	frontend/dist/assets/th-CSPydZU5.js
frontend_dist	206505e31e5673a34f23ebe0f297626e27129bc5dd5c904fb3de90df74c64da0	frontend/dist/assets/th-CzpYB2at.js
frontend_dist	3f0eed3fa700f16ec1e9867557dc3b3e2ffecfe89b726ea3d808768031c3f844	frontend/dist/assets/tr-CGrmMNJv.js
frontend_dist	e7b64608d123903830e252e236115e5d4f78f7073da5e8a2df5ec592a6cca591	frontend/dist/assets/tr-DJ0ZFQ8H.js
frontend_dist	ae298923584071d2c87a8fc1be34365754035b6fc72f3a21af1b37fdd682068f	frontend/dist/assets/useApiData-pbwSsR0q.js
frontend_dist	c9fc2db3837a6ca7472e7a848c4c0473c71e8eb3cb59cd9dc2b0c6149fa607c9	frontend/dist/assets/useLocalizedArticles-DebP2Ezx.js
frontend_dist	3ad63610c9144bfacf35c919d8a33f5073de2d38ee67f6a2284c4ed6d236a2ff	frontend/dist/assets/useLocalizedCollections-BM0Muv2N.js
frontend_dist	1243b61a71923367ce620fb944427c80c9b03e863e18374fcf4f74d6d06f63fc	frontend/dist/assets/vendor-BnuhLJ6X.css
frontend_dist	1226947ed0df569e1deb7bdeda0762bd9c06c10222ed5e4a4b5843a38fea283b	frontend/dist/assets/vendor-Dh-RjovC.js
frontend_dist	87b6b173dad34e3db102e2248c20ccd6a6bd99c81eadce1339b9946d65afb0ce	frontend/dist/assets/workflow-graph-Ddh4B5aw.js
frontend_dist	d10ac622fcc7e4c6222cedc7f2c8d59f001347544dabd25a543b143584bc8019	frontend/dist/content-seo.json
frontend_dist	39fb264d20515f7df47b61fef01c1c5ca5eaa0d7fc000954ea223479ee67c4cb	frontend/dist/favicon.ico
frontend_dist	b81ccc854080e005b3b54e065339b8d9811c0dc7af1709d172b690147f0ed395	frontend/dist/favicon.svg
frontend_dist	2befa04411b61a6c8f333c55345fdd0c1fde5251262529c2e44705428169b47c	frontend/dist/images/articles/pochemu-predprinimateli-vygorayut-cover.png
frontend_dist	23ccb17b5b5ebbb31f985e50a0b23734fb33217665bda017d62a1ab317892292	frontend/dist/images/articles/pochemu-predprinimateli-vygorayut-scheme.png
frontend_dist	2f0960ad9dbc1417681c3e991f240554d1b2c2d6790326fb71758efa6a2392c4	frontend/dist/images/articles/pochemu-predprinimateli-vygorayut-stats.png
frontend_dist	3f9e8605232dda58d069719dcd8ebe742a182d52b89f8791fda85e0bca3c4ae9	frontend/dist/index.html
frontend_dist	5d996af2178934a7734f9d4b6a3c3718be43b3fcb541b6374f474a697af2d9d1	frontend/dist/llms-ru.txt
frontend_dist	84ec8d5229800c7203d96e4c8d826db04da20e38cbdfbe72c2785036e7969358	frontend/dist/llms.txt
frontend_dist	f472f230c82c33ffaaa4d78b48653642608ac19f1d8f6d1877e440d401e855b2	frontend/dist/localos-agent-openapi.json
frontend_dist	d96ea4a293bbfde5bf3bbb458748e0dd7f3253dded9bbf7dd47c71eb0c48241c	frontend/dist/localos-agent-policy.json
frontend_dist	fbf7b49409ef8319edc7e7e5f7a86cfc4cdcc10a6ad2c9e1feb4ac1e08d65c48	frontend/dist/localos-agent-tools.json
frontend_dist	b79b1265160aa9c8d9bf33f46190c9a37195047912950e0a09e93d5f1078d73c	frontend/dist/localos-agents-ru.txt
frontend_dist	e56827a2d91d099325c96b66001ffd47d8fd1c184c9545e67370928a056f6737	frontend/dist/localos-agents.txt
frontend_dist	64badf7aabda0b9630b87020ffb6095cb858ccbcf66b355c2aa08b1063954d3b	frontend/dist/placeholder.svg
frontend_dist	51beba5c95978313a8738324c87f0956a4ab0d5f7462b02c582ef000de1b5ef4	frontend/dist/robots.txt
frontend_dist	f6720e6485c0c508b779a43712edc5e556c13d338ae60c151f6094cafb00ad04	frontend/dist/sitemap.xml
frontend_dist	56c6b82e1e2ec3f586928ac813c19f351b87bf0b8359b70981a832d238ede624	frontend/dist/tracker.js
frontend_dist	fd29d21e6c296ce4b7b917c009dcd1f342dfa3f3c83b02c370adfab40c386d18	frontend/dist/veselaya-rascheska-og.png
frontend_dist	59d53fc3e38508b0d65d3c56baed2474083660f65b1b569e442c2d66f64eb331	frontend/dist/veselaya-rascheska-og.svg
frontend_dist	4b1d967382aaba867411e88fa91a69d8ed7945163785c0d8bfb42ec6fbdb2262	frontend/dist/yandex_9f7f92ca02ef161c.html
